/*==============================================================*/
/* Table: PROVEEDOR                                              */
/*==============================================================*/
insert into proveedor (idproveedor, nombreproveedor, tipoproveedor, telefonoproveedor, paginaweb, direccionproveedor) values (1, 'Leta Zannolli', 'Muebleria', '837-238-2146', 'https://oracle.com', '9 Gulseth Alley');
insert into proveedor (idproveedor, nombreproveedor, tipoproveedor, telefonoproveedor, paginaweb, direccionproveedor) values (2, 'Thurstan Dollard', 'Ropa de Dormir', '273-805-6413', 'https://ning.com', '26 1st Crossing');
insert into proveedor (idproveedor, nombreproveedor, tipoproveedor, telefonoproveedor, paginaweb, direccionproveedor) values (3, 'Vernen Blincowe', 'Limpieza', '792-670-4861', null, '108 Paget Street');
insert into proveedor (idproveedor, nombreproveedor, tipoproveedor, telefonoproveedor, paginaweb, direccionproveedor) values (4, 'Johan Kinnin', 'Ropa de Dormir', '544-464-5932', null, '73481 Shopko Trail');
insert into proveedor (idproveedor, nombreproveedor, tipoproveedor, telefonoproveedor, paginaweb, direccionproveedor) values (5, 'Antonella Gregore', 'Aseo Personal', '588-773-1052', 'https://gravatar.com', '776 Pankratz Place');
insert into proveedor (idproveedor, nombreproveedor, tipoproveedor, telefonoproveedor, paginaweb, direccionproveedor) values (6, 'Galven Matevosian', 'Limpieza', '542-354-8119', null, '2606 Birchwood Crossing');
insert into proveedor (idproveedor, nombreproveedor, tipoproveedor, telefonoproveedor, paginaweb, direccionproveedor) values (7, 'Ashleigh Longmate', 'Muebleria', '237-618-3267', 'http://unicef.org', '50710 Troy Drive');
insert into proveedor (idproveedor, nombreproveedor, tipoproveedor, telefonoproveedor, paginaweb, direccionproveedor) values (8, 'Samantha MacCurley', 'Muebleria', '925-426-3366', 'http://spotify.com', '9 Kings Lane');
insert into proveedor (idproveedor, nombreproveedor, tipoproveedor, telefonoproveedor, paginaweb, direccionproveedor) values (9, 'Phylys Moyles', 'Aseo Personal', '186-925-7620', 'http://statcounter.com', '3549 Blue Bill Park Lane');
insert into proveedor (idproveedor, nombreproveedor, tipoproveedor, telefonoproveedor, paginaweb, direccionproveedor) values (10, 'Orella Housam', 'Muebleria', '208-671-2624', null, '91514 Meadow Ridge Center');
insert into proveedor (idproveedor, nombreproveedor, tipoproveedor, telefonoproveedor, paginaweb, direccionproveedor) values (11, 'Asa Pickworth', 'Muebleria', '950-637-4152', null, '842 La Follette Way');
insert into proveedor (idproveedor, nombreproveedor, tipoproveedor, telefonoproveedor, paginaweb, direccionproveedor) values (12, 'Colver Josefs', 'Ropa de Dormir', '161-528-1379', 'https://myspace.com', '3 Shasta Hill');
insert into proveedor (idproveedor, nombreproveedor, tipoproveedor, telefonoproveedor, paginaweb, direccionproveedor) values (13, 'Milly Evensden', 'Limpieza', '608-518-8243', null, '54179 Linden Trail');
insert into proveedor (idproveedor, nombreproveedor, tipoproveedor, telefonoproveedor, paginaweb, direccionproveedor) values (14, 'Christoph Van Castele', 'Aseo Personal', '498-512-3528', null, '332 Sachtjen Circle');
insert into proveedor (idproveedor, nombreproveedor, tipoproveedor, telefonoproveedor, paginaweb, direccionproveedor) values (15, 'Isidora Knotte', 'Limpieza', '277-160-2840', null, '32 Mesta Lane');
insert into proveedor (idproveedor, nombreproveedor, tipoproveedor, telefonoproveedor, paginaweb, direccionproveedor) values (16, 'Shani Romanini', 'Ropa de Dormir', '259-719-9961', null, '8578 Del Mar Drive');
insert into proveedor (idproveedor, nombreproveedor, tipoproveedor, telefonoproveedor, paginaweb, direccionproveedor) values (17, 'Constantine Bryden', 'Limpieza', '217-853-0285', null, '029 Clyde Gallagher Court');
insert into proveedor (idproveedor, nombreproveedor, tipoproveedor, telefonoproveedor, paginaweb, direccionproveedor) values (18, 'Johannah Beaglehole', 'Aseo Personal', '277-371-7549', null, '3 Butternut Crossing');
insert into proveedor (idproveedor, nombreproveedor, tipoproveedor, telefonoproveedor, paginaweb, direccionproveedor) values (19, 'Emerson Faithfull', 'Limpieza', '531-892-1237', null, '38 Westridge Terrace');
insert into proveedor (idproveedor, nombreproveedor, tipoproveedor, telefonoproveedor, paginaweb, direccionproveedor) values (20, 'Klemens Wellbeloved', 'Muebleria', '830-539-8114', null, '84 Westridge Terrace');
insert into proveedor (idproveedor, nombreproveedor, tipoproveedor, telefonoproveedor, paginaweb, direccionproveedor) values (21, 'Arlan Mistry', 'Ropa de Dormir', '689-239-8955', 'http://cornell.edu', '9 Redwing Road');
insert into proveedor (idproveedor, nombreproveedor, tipoproveedor, telefonoproveedor, paginaweb, direccionproveedor) values (22, 'Menard McKinnon', 'Aseo Personal', '869-288-5196', 'http://businessweek.com', '03973 Golf Course Park');
insert into proveedor (idproveedor, nombreproveedor, tipoproveedor, telefonoproveedor, paginaweb, direccionproveedor) values (23, 'Modesta Treleven', 'Ropa de Dormir', '514-867-0452', null, '042 Scott Street');
insert into proveedor (idproveedor, nombreproveedor, tipoproveedor, telefonoproveedor, paginaweb, direccionproveedor) values (24, 'Tirrell Ricardo', 'Limpieza', '141-650-1980', null, '61 Cordelia Parkway');
insert into proveedor (idproveedor, nombreproveedor, tipoproveedor, telefonoproveedor, paginaweb, direccionproveedor) values (25, 'Connor Gwinn', 'Aseo Personal', '340-288-4980', null, '52044 Myrtle Avenue');
insert into proveedor (idproveedor, nombreproveedor, tipoproveedor, telefonoproveedor, paginaweb, direccionproveedor) values (26, 'Sher Itshak', 'Muebleria', '783-282-2658', null, '497 Orin Street');
insert into proveedor (idproveedor, nombreproveedor, tipoproveedor, telefonoproveedor, paginaweb, direccionproveedor) values (27, 'Angy Croome', 'Aseo Personal', '352-891-4673', null, '6 Bartelt Alley');
insert into proveedor (idproveedor, nombreproveedor, tipoproveedor, telefonoproveedor, paginaweb, direccionproveedor) values (28, 'Constantin Tunno', 'Ropa de Dormir', '608-611-8660', 'http://tiny.cc', '564 Talmadge Street');
insert into proveedor (idproveedor, nombreproveedor, tipoproveedor, telefonoproveedor, paginaweb, direccionproveedor) values (29, 'Andre Rudgley', 'Aseo Personal', '466-199-9630', null, '9945 Wayridge Circle');
insert into proveedor (idproveedor, nombreproveedor, tipoproveedor, telefonoproveedor, paginaweb, direccionproveedor) values (30, 'Sidonia Lowndsbrough', 'Aseo Personal', '410-653-0112', 'http://jimdo.com', '790 Truax Center');
insert into proveedor (idproveedor, nombreproveedor, tipoproveedor, telefonoproveedor, paginaweb, direccionproveedor) values (31, 'Hobie Von Der Empten', 'Aseo Personal', '763-475-2212', null, '1085 Caliangt Lane');
insert into proveedor (idproveedor, nombreproveedor, tipoproveedor, telefonoproveedor, paginaweb, direccionproveedor) values (32, 'Katie Steinor', 'Aseo Personal', '787-126-2273', 'https://photobucket.com', '402 Surrey Street');
insert into proveedor (idproveedor, nombreproveedor, tipoproveedor, telefonoproveedor, paginaweb, direccionproveedor) values (33, 'Gasper Pirouet', 'Muebleria', '780-720-1258', null, '31661 Utah Hill');
insert into proveedor (idproveedor, nombreproveedor, tipoproveedor, telefonoproveedor, paginaweb, direccionproveedor) values (34, 'Cecil Fulk', 'Muebleria', '734-303-6520', null, '5041 Lukken Court');
insert into proveedor (idproveedor, nombreproveedor, tipoproveedor, telefonoproveedor, paginaweb, direccionproveedor) values (35, 'Spense Nuccitelli', 'Aseo Personal', '184-446-5800', 'http://thetimes.co.uk', '51 Mcbride Avenue');
insert into proveedor (idproveedor, nombreproveedor, tipoproveedor, telefonoproveedor, paginaweb, direccionproveedor) values (36, 'Sidnee Durtnell', 'Muebleria', '287-256-8809', null, '73382 Clyde Gallagher Point');
insert into proveedor (idproveedor, nombreproveedor, tipoproveedor, telefonoproveedor, paginaweb, direccionproveedor) values (37, 'Trey Litton', 'Ropa de Dormir', '818-687-1963', null, '50 Pennsylvania Park');
insert into proveedor (idproveedor, nombreproveedor, tipoproveedor, telefonoproveedor, paginaweb, direccionproveedor) values (38, 'Halsey Hawtin', 'Muebleria', '510-635-8895', 'http://nbcnews.com', '11 Forest Circle');
insert into proveedor (idproveedor, nombreproveedor, tipoproveedor, telefonoproveedor, paginaweb, direccionproveedor) values (39, 'Gloriane Gilmartin', 'Aseo Personal', '517-503-4557', 'http://google.com', '1 Lakewood Circle');
insert into proveedor (idproveedor, nombreproveedor, tipoproveedor, telefonoproveedor, paginaweb, direccionproveedor) values (40, 'Anitra Bottby', 'Aseo Personal', '339-504-2727', null, '396 4th Trail');
insert into proveedor (idproveedor, nombreproveedor, tipoproveedor, telefonoproveedor, paginaweb, direccionproveedor) values (41, 'Abagael Brok', 'Limpieza', '793-861-0103', 'http://npr.org', '678 Sullivan Drive');
insert into proveedor (idproveedor, nombreproveedor, tipoproveedor, telefonoproveedor, paginaweb, direccionproveedor) values (42, 'Seana Jedrzejczyk', 'Aseo Personal', '226-982-2845', 'https://infoseek.co.jp', '07 New Castle Street');
insert into proveedor (idproveedor, nombreproveedor, tipoproveedor, telefonoproveedor, paginaweb, direccionproveedor) values (43, 'Burty Hamshar', 'Muebleria', '970-146-7170', null, '4242 Stuart Alley');
insert into proveedor (idproveedor, nombreproveedor, tipoproveedor, telefonoproveedor, paginaweb, direccionproveedor) values (44, 'Bran Vero', 'Aseo Personal', '229-632-6406', 'https://nbcnews.com', '3 Stoughton Terrace');
insert into proveedor (idproveedor, nombreproveedor, tipoproveedor, telefonoproveedor, paginaweb, direccionproveedor) values (45, 'Dav Bunyard', 'Aseo Personal', '358-160-0239', null, '4788 Maple Junction');
insert into proveedor (idproveedor, nombreproveedor, tipoproveedor, telefonoproveedor, paginaweb, direccionproveedor) values (46, 'Hyatt Rowan', 'Aseo Personal', '818-406-6643', 'http://bandcamp.com', '90 Warner Point');
insert into proveedor (idproveedor, nombreproveedor, tipoproveedor, telefonoproveedor, paginaweb, direccionproveedor) values (47, 'Mandie Palumbo', 'Muebleria', '164-451-4246', null, '80641 Garrison Point');
insert into proveedor (idproveedor, nombreproveedor, tipoproveedor, telefonoproveedor, paginaweb, direccionproveedor) values (48, 'Caralie Meade', 'Ropa de Dormir', '850-303-3122', 'http://foxnews.com', '4 Hermina Pass');
insert into proveedor (idproveedor, nombreproveedor, tipoproveedor, telefonoproveedor, paginaweb, direccionproveedor) values (49, 'Tucker Keesman', 'Limpieza', '601-227-6397', 'https://drupal.org', '7 Straubel Circle');
insert into proveedor (idproveedor, nombreproveedor, tipoproveedor, telefonoproveedor, paginaweb, direccionproveedor) values (50, 'Kylynn Dorkins', 'Ropa de Dormir', '385-849-1633', null, '57432 Eastwood Circle');
insert into proveedor (idproveedor, nombreproveedor, tipoproveedor, telefonoproveedor, paginaweb, direccionproveedor) values (51, 'Evvy Coye', 'Muebleria', '612-774-3549', 'http://ucoz.com', '759 Bonner Junction');
insert into proveedor (idproveedor, nombreproveedor, tipoproveedor, telefonoproveedor, paginaweb, direccionproveedor) values (52, 'Kary Lautie', 'Ropa de Dormir', '926-725-4140', 'http://yolasite.com', '407 Dunning Lane');
insert into proveedor (idproveedor, nombreproveedor, tipoproveedor, telefonoproveedor, paginaweb, direccionproveedor) values (53, 'Connor Ludlam', 'Aseo Personal', '329-831-9424', null, '32 Lyons Pass');
insert into proveedor (idproveedor, nombreproveedor, tipoproveedor, telefonoproveedor, paginaweb, direccionproveedor) values (54, 'Gabriell Avo', 'Limpieza', '279-142-3750', 'https://economist.com', '727 Maryland Way');
insert into proveedor (idproveedor, nombreproveedor, tipoproveedor, telefonoproveedor, paginaweb, direccionproveedor) values (55, 'Christan Loins', 'Limpieza', '362-666-2281', 'http://dropbox.com', '99 Ohio Lane');
insert into proveedor (idproveedor, nombreproveedor, tipoproveedor, telefonoproveedor, paginaweb, direccionproveedor) values (56, 'Tatiana Canlin', 'Aseo Personal', '468-105-8973', null, '3 Kenwood Plaza');
insert into proveedor (idproveedor, nombreproveedor, tipoproveedor, telefonoproveedor, paginaweb, direccionproveedor) values (57, 'Elfrieda Isaacs', 'Limpieza', '265-206-5709', null, '5452 Myrtle Lane');
insert into proveedor (idproveedor, nombreproveedor, tipoproveedor, telefonoproveedor, paginaweb, direccionproveedor) values (58, 'Karlie Lawful', 'Limpieza', '544-786-7413', 'https://devhub.com', '2121 Pine View Parkway');
insert into proveedor (idproveedor, nombreproveedor, tipoproveedor, telefonoproveedor, paginaweb, direccionproveedor) values (59, 'Ethelda McIlwrick', 'Muebleria', '300-153-8338', null, '135 Forest Run Hill');
insert into proveedor (idproveedor, nombreproveedor, tipoproveedor, telefonoproveedor, paginaweb, direccionproveedor) values (60, 'Cecelia Yerrall', 'Muebleria', '221-865-1602', null, '8 Dryden Plaza');
insert into proveedor (idproveedor, nombreproveedor, tipoproveedor, telefonoproveedor, paginaweb, direccionproveedor) values (61, 'Brook Keese', 'Muebleria', '548-232-9189', 'https://netvibes.com', '47 Pearson Crossing');
insert into proveedor (idproveedor, nombreproveedor, tipoproveedor, telefonoproveedor, paginaweb, direccionproveedor) values (62, 'Kerrie Riccardini', 'Aseo Personal', '466-311-0795', 'https://edublogs.org', '22 South Road');
insert into proveedor (idproveedor, nombreproveedor, tipoproveedor, telefonoproveedor, paginaweb, direccionproveedor) values (63, 'Renato Seakin', 'Ropa de Dormir', '208-321-3883', null, '3548 Fairfield Center');
insert into proveedor (idproveedor, nombreproveedor, tipoproveedor, telefonoproveedor, paginaweb, direccionproveedor) values (64, 'Errol Heatlie', 'Aseo Personal', '507-413-2854', 'http://army.mil', '2335 Golf Alley');
insert into proveedor (idproveedor, nombreproveedor, tipoproveedor, telefonoproveedor, paginaweb, direccionproveedor) values (65, 'Delphinia Dixsee', 'Muebleria', '852-456-9851', 'http://netscape.com', '3 Farwell Parkway');
insert into proveedor (idproveedor, nombreproveedor, tipoproveedor, telefonoproveedor, paginaweb, direccionproveedor) values (66, 'Mick Humber', 'Limpieza', '875-166-5567', 'http://state.gov', '9615 Cherokee Terrace');
insert into proveedor (idproveedor, nombreproveedor, tipoproveedor, telefonoproveedor, paginaweb, direccionproveedor) values (67, 'Basilius Perry', 'Limpieza', '717-741-0934', 'http://cornell.edu', '49 Clove Way');
insert into proveedor (idproveedor, nombreproveedor, tipoproveedor, telefonoproveedor, paginaweb, direccionproveedor) values (68, 'Johnath Cathery', 'Muebleria', '274-413-9849', null, '78499 Jackson Street');
insert into proveedor (idproveedor, nombreproveedor, tipoproveedor, telefonoproveedor, paginaweb, direccionproveedor) values (69, 'Nicolais Palley', 'Ropa de Dormir', '607-998-3176', null, '23862 Holy Cross Court');
insert into proveedor (idproveedor, nombreproveedor, tipoproveedor, telefonoproveedor, paginaweb, direccionproveedor) values (70, 'Jenilee Klimowicz', 'Aseo Personal', '829-990-3980', null, '10265 Grasskamp Crossing');
insert into proveedor (idproveedor, nombreproveedor, tipoproveedor, telefonoproveedor, paginaweb, direccionproveedor) values (71, 'Inglebert Shilito', 'Ropa de Dormir', '710-152-7918', null, '054 Ridgeway Center');
insert into proveedor (idproveedor, nombreproveedor, tipoproveedor, telefonoproveedor, paginaweb, direccionproveedor) values (72, 'Rad McMychem', 'Muebleria', '948-305-8633', 'http://360.cn', '5034 Memorial Plaza');
insert into proveedor (idproveedor, nombreproveedor, tipoproveedor, telefonoproveedor, paginaweb, direccionproveedor) values (73, 'Margy Ransfield', 'Muebleria', '296-177-9077', null, '76 Rieder Plaza');
insert into proveedor (idproveedor, nombreproveedor, tipoproveedor, telefonoproveedor, paginaweb, direccionproveedor) values (74, 'Bev Ravens', 'Aseo Personal', '202-776-0781', null, '0 Summer Ridge Junction');
insert into proveedor (idproveedor, nombreproveedor, tipoproveedor, telefonoproveedor, paginaweb, direccionproveedor) values (75, 'Terrijo Shewan', 'Limpieza', '324-392-9091', null, '600 Barby Terrace');
insert into proveedor (idproveedor, nombreproveedor, tipoproveedor, telefonoproveedor, paginaweb, direccionproveedor) values (76, 'Kali Garner', 'Muebleria', '923-773-8797', 'http://tamu.edu', '5044 Hanover Center');
insert into proveedor (idproveedor, nombreproveedor, tipoproveedor, telefonoproveedor, paginaweb, direccionproveedor) values (77, 'Bonita Fontell', 'Aseo Personal', '409-975-0438', null, '942 Oneill Point');
insert into proveedor (idproveedor, nombreproveedor, tipoproveedor, telefonoproveedor, paginaweb, direccionproveedor) values (78, 'Jabez Weber', 'Ropa de Dormir', '921-611-6896', 'http://bing.com', '69 Thompson Plaza');
insert into proveedor (idproveedor, nombreproveedor, tipoproveedor, telefonoproveedor, paginaweb, direccionproveedor) values (79, 'York Benterman', 'Limpieza', '652-994-9904', null, '66 Tennyson Pass');
insert into proveedor (idproveedor, nombreproveedor, tipoproveedor, telefonoproveedor, paginaweb, direccionproveedor) values (80, 'Malva Paling', 'Muebleria', '125-333-6919', null, '0 Dayton Parkway');
insert into proveedor (idproveedor, nombreproveedor, tipoproveedor, telefonoproveedor, paginaweb, direccionproveedor) values (81, 'Cornell Skirlin', 'Ropa de Dormir', '723-827-8327', 'http://typepad.com', '53 Stoughton Park');
insert into proveedor (idproveedor, nombreproveedor, tipoproveedor, telefonoproveedor, paginaweb, direccionproveedor) values (82, 'Eli Warkup', 'Ropa de Dormir', '306-607-0610', null, '119 1st Hill');
insert into proveedor (idproveedor, nombreproveedor, tipoproveedor, telefonoproveedor, paginaweb, direccionproveedor) values (83, 'Katha Parlett', 'Aseo Personal', '782-802-9833', null, '6891 Farwell Hill');
insert into proveedor (idproveedor, nombreproveedor, tipoproveedor, telefonoproveedor, paginaweb, direccionproveedor) values (84, 'Marylin McCotter', 'Ropa de Dormir', '551-287-2877', null, '83506 Mifflin Park');
insert into proveedor (idproveedor, nombreproveedor, tipoproveedor, telefonoproveedor, paginaweb, direccionproveedor) values (85, 'Sheridan Shulver', 'Ropa de Dormir', '395-729-7723', null, '5642 Porter Center');
insert into proveedor (idproveedor, nombreproveedor, tipoproveedor, telefonoproveedor, paginaweb, direccionproveedor) values (86, 'Colleen De Vile', 'Muebleria', '299-140-4572', 'https://independent.co.uk', '47 East Street');
insert into proveedor (idproveedor, nombreproveedor, tipoproveedor, telefonoproveedor, paginaweb, direccionproveedor) values (87, 'Kevin Bewlie', 'Limpieza', '987-464-6654', 'https://acquirethisname.com', '056 Ohio Plaza');
insert into proveedor (idproveedor, nombreproveedor, tipoproveedor, telefonoproveedor, paginaweb, direccionproveedor) values (88, 'Dougie Swann', 'Muebleria', '784-340-6151', null, '1509 Del Mar Lane');
insert into proveedor (idproveedor, nombreproveedor, tipoproveedor, telefonoproveedor, paginaweb, direccionproveedor) values (89, 'Janeczka Jordi', 'Limpieza', '731-413-1768', null, '805 Tomscot Drive');
insert into proveedor (idproveedor, nombreproveedor, tipoproveedor, telefonoproveedor, paginaweb, direccionproveedor) values (90, 'Pedro Lucio', 'Muebleria', '746-322-3108', null, '85 Ronald Regan Parkway');
insert into proveedor (idproveedor, nombreproveedor, tipoproveedor, telefonoproveedor, paginaweb, direccionproveedor) values (91, 'Myrvyn Swan', 'Muebleria', '491-841-0286', 'https://blinklist.com', '33 Eastwood Point');
insert into proveedor (idproveedor, nombreproveedor, tipoproveedor, telefonoproveedor, paginaweb, direccionproveedor) values (92, 'Raff McKenzie', 'Muebleria', '158-508-2191', null, '6 Merrick Road');
insert into proveedor (idproveedor, nombreproveedor, tipoproveedor, telefonoproveedor, paginaweb, direccionproveedor) values (93, 'Miran Hairsine', 'Ropa de Dormir', '277-383-6876', null, '0887 Lakewood Gardens Street');
insert into proveedor (idproveedor, nombreproveedor, tipoproveedor, telefonoproveedor, paginaweb, direccionproveedor) values (94, 'Annie Baldi', 'Muebleria', '146-465-1391', null, '32 Redwing Parkway');
insert into proveedor (idproveedor, nombreproveedor, tipoproveedor, telefonoproveedor, paginaweb, direccionproveedor) values (95, 'Teodoor Huddart', 'Aseo Personal', '758-368-2540', null, '7007 Utah Trail');
insert into proveedor (idproveedor, nombreproveedor, tipoproveedor, telefonoproveedor, paginaweb, direccionproveedor) values (96, 'Missy Staunton', 'Ropa de Dormir', '586-995-0817', 'http://accuweather.com', '5 Memorial Alley');
insert into proveedor (idproveedor, nombreproveedor, tipoproveedor, telefonoproveedor, paginaweb, direccionproveedor) values (97, 'Lorens Wanless', 'Limpieza', '503-108-4619', 'http://independent.co.uk', '78 Bunker Hill Crossing');
insert into proveedor (idproveedor, nombreproveedor, tipoproveedor, telefonoproveedor, paginaweb, direccionproveedor) values (98, 'Gertruda Chifney', 'Aseo Personal', '315-705-5212', null, '15008 Melody Avenue');
insert into proveedor (idproveedor, nombreproveedor, tipoproveedor, telefonoproveedor, paginaweb, direccionproveedor) values (99, 'Lee Lamacraft', 'Muebleria', '338-939-0465', null, '95140 Holy Cross Plaza');
insert into proveedor (idproveedor, nombreproveedor, tipoproveedor, telefonoproveedor, paginaweb, direccionproveedor) values (100, 'Brinna Aspell', 'Aseo Personal', '193-953-6353', null, '50833 Sugar Terrace');
insert into proveedor (idproveedor, nombreproveedor, tipoproveedor, telefonoproveedor, paginaweb, direccionproveedor) values (101, 'Myrilla Cosgrove', 'Ropa de Dormir', '727-323-7867', 'http://latimes.com', '0829 High Crossing Trail');
/*==============================================================*/
/* Table: HUESPED                                              */
/*==============================================================*/
insert into huesped (idhuesped, nombrehuesped, generohuesped, cedulahuesped, telefonohuesped, ciudadhuesped, emailhuesped) values (1, 'Clemens Dran', 'Male', '34-5974560', '463-512-9334', 'Puyo', 'cdran0@woothemes.com');
insert into huesped (idhuesped, nombrehuesped, generohuesped, cedulahuesped, telefonohuesped, ciudadhuesped, emailhuesped) values (2, 'Gabbey Ludgrove', 'Agender', '64-8410592', '352-147-6693', 'Lima', 'gludgrove1@creativecommons.org');
insert into huesped (idhuesped, nombrehuesped, generohuesped, cedulahuesped, telefonohuesped, ciudadhuesped, emailhuesped) values (3, 'Etti Ellice', 'Female', '47-2115264', '933-317-2319', 'Cuzco', null);
insert into huesped (idhuesped, nombrehuesped, generohuesped, cedulahuesped, telefonohuesped, ciudadhuesped, emailhuesped) values (4, 'Sax Creamer', 'Male', '48-9851295', '838-307-7625', 'Baños', null);
insert into huesped (idhuesped, nombrehuesped, generohuesped, cedulahuesped, telefonohuesped, ciudadhuesped, emailhuesped) values (5, 'Mandie Isakovitch', 'Female', '37-0404503', '357-750-9099', 'Baños', 'misakovitch4@sina.com.cn');
insert into huesped (idhuesped, nombrehuesped, generohuesped, cedulahuesped, telefonohuesped, ciudadhuesped, emailhuesped) values (6, 'Pavel Asipenko', 'Male', '43-9245863', '932-661-6172', 'Santiago', null);
insert into huesped (idhuesped, nombrehuesped, generohuesped, cedulahuesped, telefonohuesped, ciudadhuesped, emailhuesped) values (7, 'Dame Dann', 'Male', '39-7871805', '491-238-4874', 'Concepion', null);
insert into huesped (idhuesped, nombrehuesped, generohuesped, cedulahuesped, telefonohuesped, ciudadhuesped, emailhuesped) values (8, 'Elfreda Tubbles', 'Genderfluid', '26-3840862', '126-587-6957', 'Esmeraldas', null);
insert into huesped (idhuesped, nombrehuesped, generohuesped, cedulahuesped, telefonohuesped, ciudadhuesped, emailhuesped) values (9, 'Rodd Rasell', 'Male', '56-4395258', '579-968-2144', 'Concepion', 'rrasell8@unblog.fr');
insert into huesped (idhuesped, nombrehuesped, generohuesped, cedulahuesped, telefonohuesped, ciudadhuesped, emailhuesped) values (10, 'Suzy Eddowes', 'Female', '62-1311249', '823-946-4794', 'Lima', 'seddowes9@tmall.com');
insert into huesped (idhuesped, nombrehuesped, generohuesped, cedulahuesped, telefonohuesped, ciudadhuesped, emailhuesped) values (11, 'Theo Cake', 'Female', '45-8805034', '366-892-3311', 'Medellin', 'tcakea@umich.edu');
insert into huesped (idhuesped, nombrehuesped, generohuesped, cedulahuesped, telefonohuesped, ciudadhuesped, emailhuesped) values (12, 'Dareen Whitehair', 'Female', '63-5605298', '982-377-4681', 'Cuzco', null);
insert into huesped (idhuesped, nombrehuesped, generohuesped, cedulahuesped, telefonohuesped, ciudadhuesped, emailhuesped) values (13, 'Kayne Cadagan', 'Male', '50-1123967', '233-455-7991', 'Loja', null);
insert into huesped (idhuesped, nombrehuesped, generohuesped, cedulahuesped, telefonohuesped, ciudadhuesped, emailhuesped) values (14, 'Herbie Oliva', 'Male', '71-6623342', '693-824-5411', 'Cuzco', 'holivad@sfgate.com');
insert into huesped (idhuesped, nombrehuesped, generohuesped, cedulahuesped, telefonohuesped, ciudadhuesped, emailhuesped) values (15, 'Gilbert Mardy', 'Male', '59-2426089', '591-343-9890', 'Bogota', 'gmardye@elpais.com');
insert into huesped (idhuesped, nombrehuesped, generohuesped, cedulahuesped, telefonohuesped, ciudadhuesped, emailhuesped) values (16, 'Piggy Conkay', 'Male', '75-7342932', '873-558-6723', 'Bogota', 'pconkayf@mapy.cz');
insert into huesped (idhuesped, nombrehuesped, generohuesped, cedulahuesped, telefonohuesped, ciudadhuesped, emailhuesped) values (17, 'Mike Gronno', 'Male', '61-6982149', '775-985-0904', 'Cali', 'mgronnog@umich.edu');
insert into huesped (idhuesped, nombrehuesped, generohuesped, cedulahuesped, telefonohuesped, ciudadhuesped, emailhuesped) values (18, 'Vassili Joncic', 'Male', '74-4446469', '340-801-7844', 'Bogota', null);
insert into huesped (idhuesped, nombrehuesped, generohuesped, cedulahuesped, telefonohuesped, ciudadhuesped, emailhuesped) values (19, 'Zebulon Hews', 'Male', '77-8283593', '107-383-5128', 'Cali', null);
insert into huesped (idhuesped, nombrehuesped, generohuesped, cedulahuesped, telefonohuesped, ciudadhuesped, emailhuesped) values (20, 'Onfre Giovannacci', 'Male', '69-3897034', '351-699-4751', 'Cuenca', 'ogiovannaccij@tuttocitta.it');
insert into huesped (idhuesped, nombrehuesped, generohuesped, cedulahuesped, telefonohuesped, ciudadhuesped, emailhuesped) values (21, 'Luz Sambeck', 'Female', '41-1962229', '160-969-8767', 'Baños', 'lsambeckk@ocn.ne.jp');
insert into huesped (idhuesped, nombrehuesped, generohuesped, cedulahuesped, telefonohuesped, ciudadhuesped, emailhuesped) values (22, 'Kordula Horsfield', 'Female', '65-1382571', '213-984-9776', 'Cali', 'khorsfieldl@mac.com');
insert into huesped (idhuesped, nombrehuesped, generohuesped, cedulahuesped, telefonohuesped, ciudadhuesped, emailhuesped) values (23, 'Maddy Blacksell', 'Female', '85-0507854', '438-796-6873', 'Quito', null);
insert into huesped (idhuesped, nombrehuesped, generohuesped, cedulahuesped, telefonohuesped, ciudadhuesped, emailhuesped) values (24, 'Gayelord Matzen', 'Male', '55-1983072', '995-456-4209', 'Guayaquil', 'gmatzenn@domainmarket.com');
insert into huesped (idhuesped, nombrehuesped, generohuesped, cedulahuesped, telefonohuesped, ciudadhuesped, emailhuesped) values (25, 'Jeri Gilding', 'Female', '73-5882108', '648-831-0925', 'Esmeraldas', 'jgildingo@bandcamp.com');
insert into huesped (idhuesped, nombrehuesped, generohuesped, cedulahuesped, telefonohuesped, ciudadhuesped, emailhuesped) values (26, 'Cathie Vouls', 'Female', '16-9001654', '538-553-8734', 'Lima', 'cvoulsp@de.vu');
insert into huesped (idhuesped, nombrehuesped, generohuesped, cedulahuesped, telefonohuesped, ciudadhuesped, emailhuesped) values (27, 'Gladi Cripwell', 'Female', '53-2893043', '796-855-2801', 'Riobamba', 'gcripwellq@hibu.com');
insert into huesped (idhuesped, nombrehuesped, generohuesped, cedulahuesped, telefonohuesped, ciudadhuesped, emailhuesped) values (28, 'Johnette Murdy', 'Female', '21-5312167', '627-619-6506', 'Santiago', null);
insert into huesped (idhuesped, nombrehuesped, generohuesped, cedulahuesped, telefonohuesped, ciudadhuesped, emailhuesped) values (29, 'Marice Jerke', 'Female', '98-7401780', '852-323-6827', 'Guayaquil', null);
insert into huesped (idhuesped, nombrehuesped, generohuesped, cedulahuesped, telefonohuesped, ciudadhuesped, emailhuesped) values (30, 'Neely Minucci', 'Female', '80-5860463', '835-568-6643', 'Concepion', null);
insert into huesped (idhuesped, nombrehuesped, generohuesped, cedulahuesped, telefonohuesped, ciudadhuesped, emailhuesped) values (31, 'Rolf Klewer', 'Male', '48-3592738', '592-436-9442', 'Puyo', 'rkleweru@huffingtonpost.com');
insert into huesped (idhuesped, nombrehuesped, generohuesped, cedulahuesped, telefonohuesped, ciudadhuesped, emailhuesped) values (32, 'Nanette Becconsall', 'Female', '25-2211350', '644-123-6035', 'Manta', 'nbecconsallv@studiopress.com');
insert into huesped (idhuesped, nombrehuesped, generohuesped, cedulahuesped, telefonohuesped, ciudadhuesped, emailhuesped) values (33, 'Rickie Walliker', 'Agender', '85-6833964', '840-555-6471', 'Santiago', 'rwallikerw@rambler.ru');
insert into huesped (idhuesped, nombrehuesped, generohuesped, cedulahuesped, telefonohuesped, ciudadhuesped, emailhuesped) values (34, 'Mendy Sperski', 'Male', '44-7523394', '436-239-1767', 'Ambato', null);
insert into huesped (idhuesped, nombrehuesped, generohuesped, cedulahuesped, telefonohuesped, ciudadhuesped, emailhuesped) values (35, 'Ellswerth Stawell', 'Male', '99-8050934', '865-361-7393', 'Riobamba', 'estawelly@free.fr');
insert into huesped (idhuesped, nombrehuesped, generohuesped, cedulahuesped, telefonohuesped, ciudadhuesped, emailhuesped) values (36, 'Meridith MacKibbon', 'Female', '30-9263274', '317-998-4691', 'Concepion', null);
insert into huesped (idhuesped, nombrehuesped, generohuesped, cedulahuesped, telefonohuesped, ciudadhuesped, emailhuesped) values (37, 'Chantal Hawtin', 'Female', '89-6625996', '496-206-9274', 'Montecristi', null);
insert into huesped (idhuesped, nombrehuesped, generohuesped, cedulahuesped, telefonohuesped, ciudadhuesped, emailhuesped) values (38, 'Elnore Huller', 'Female', '36-0214034', '882-918-0449', 'Quito', 'ehuller11@biblegateway.com');
insert into huesped (idhuesped, nombrehuesped, generohuesped, cedulahuesped, telefonohuesped, ciudadhuesped, emailhuesped) values (39, 'Annemarie Rocco', 'Genderfluid', '61-8475061', '892-718-8429', 'Guayaquil', 'arocco12@google.cn');
insert into huesped (idhuesped, nombrehuesped, generohuesped, cedulahuesped, telefonohuesped, ciudadhuesped, emailhuesped) values (40, 'Odele Jagson', 'Female', '29-6524118', '234-607-8692', 'Lima', null);
insert into huesped (idhuesped, nombrehuesped, generohuesped, cedulahuesped, telefonohuesped, ciudadhuesped, emailhuesped) values (41, 'Renae Stannus', 'Female', '86-7963671', '250-556-5840', 'Bogota', null);
insert into huesped (idhuesped, nombrehuesped, generohuesped, cedulahuesped, telefonohuesped, ciudadhuesped, emailhuesped) values (42, 'Camila Whitlaw', 'Female', '36-1403277', '273-149-4672', 'Loja', 'cwhitlaw15@google.com.au');
insert into huesped (idhuesped, nombrehuesped, generohuesped, cedulahuesped, telefonohuesped, ciudadhuesped, emailhuesped) values (43, 'Hedwig Wands', 'Female', '72-7218482', '743-704-5332', 'Cali', null);
insert into huesped (idhuesped, nombrehuesped, generohuesped, cedulahuesped, telefonohuesped, ciudadhuesped, emailhuesped) values (44, 'Sophie Maxweell', 'Bigender', '50-8950733', '808-849-6502', 'Guayaquil', null);
insert into huesped (idhuesped, nombrehuesped, generohuesped, cedulahuesped, telefonohuesped, ciudadhuesped, emailhuesped) values (45, 'Mortimer Penzer', 'Male', '07-3091322', '691-362-8983', 'Cuenca', 'mpenzer18@google.nl');
insert into huesped (idhuesped, nombrehuesped, generohuesped, cedulahuesped, telefonohuesped, ciudadhuesped, emailhuesped) values (46, 'Glenna Easter', 'Female', '53-3207146', '363-813-5199', 'Ambato', 'geaster19@xinhuanet.com');
insert into huesped (idhuesped, nombrehuesped, generohuesped, cedulahuesped, telefonohuesped, ciudadhuesped, emailhuesped) values (47, 'Carlee Roskell', 'Female', '33-1849502', '280-306-1779', 'Concepion', null);
insert into huesped (idhuesped, nombrehuesped, generohuesped, cedulahuesped, telefonohuesped, ciudadhuesped, emailhuesped) values (48, 'Alden Stradling', 'Male', '03-6181264', '567-490-1280', 'Cali', null);
insert into huesped (idhuesped, nombrehuesped, generohuesped, cedulahuesped, telefonohuesped, ciudadhuesped, emailhuesped) values (49, 'Starla Amiss', 'Female', '30-9160465', '306-267-2527', 'Arauca', null);
insert into huesped (idhuesped, nombrehuesped, generohuesped, cedulahuesped, telefonohuesped, ciudadhuesped, emailhuesped) values (50, 'Fairlie Pockett', 'Male', '55-5470505', '285-114-8627', 'Puyo', 'fpockett1d@ted.com');
insert into huesped (idhuesped, nombrehuesped, generohuesped, cedulahuesped, telefonohuesped, ciudadhuesped, emailhuesped) values (51, 'Brandyn Gimbrett', 'Male', '79-2995865', '784-395-8163', 'Lima', null);
insert into huesped (idhuesped, nombrehuesped, generohuesped, cedulahuesped, telefonohuesped, ciudadhuesped, emailhuesped) values (52, 'Kenn Taggart', 'Male', '21-2597708', '988-915-3401', 'Cuenca', 'ktaggart1f@ustream.tv');
insert into huesped (idhuesped, nombrehuesped, generohuesped, cedulahuesped, telefonohuesped, ciudadhuesped, emailhuesped) values (53, 'Tadeo Jefferson', 'Male', '39-0780951', '611-751-5117', 'Cali', 'tjefferson1g@odnoklassniki.ru');
insert into huesped (idhuesped, nombrehuesped, generohuesped, cedulahuesped, telefonohuesped, ciudadhuesped, emailhuesped) values (54, 'Rea Petticrew', 'Female', '28-7764451', '627-886-6102', 'Arauca', null);
insert into huesped (idhuesped, nombrehuesped, generohuesped, cedulahuesped, telefonohuesped, ciudadhuesped, emailhuesped) values (55, 'Marion Lapslie', 'Male', '54-1007558', '447-495-9567', 'Esmeraldas', 'mlapslie1i@shop-pro.jp');
insert into huesped (idhuesped, nombrehuesped, generohuesped, cedulahuesped, telefonohuesped, ciudadhuesped, emailhuesped) values (56, 'Teresita O''Keeffe', 'Female', '08-4997390', '839-576-5929', 'Quito', 'tokeeffe1j@yandex.ru');
insert into huesped (idhuesped, nombrehuesped, generohuesped, cedulahuesped, telefonohuesped, ciudadhuesped, emailhuesped) values (57, 'Olvan Samsonsen', 'Male', '02-1889148', '167-474-0187', 'Baños', 'osamsonsen1k@mediafire.com');
insert into huesped (idhuesped, nombrehuesped, generohuesped, cedulahuesped, telefonohuesped, ciudadhuesped, emailhuesped) values (58, 'Barton Tristram', 'Male', '28-9293912', '200-671-2727', 'Baños', null);
insert into huesped (idhuesped, nombrehuesped, generohuesped, cedulahuesped, telefonohuesped, ciudadhuesped, emailhuesped) values (59, 'Sondra Newcom', 'Female', '89-9314729', '652-398-2039', 'Cuzco', 'snewcom1m@unc.edu');
insert into huesped (idhuesped, nombrehuesped, generohuesped, cedulahuesped, telefonohuesped, ciudadhuesped, emailhuesped) values (60, 'Honor Livings', 'Female', '76-5736726', '369-754-5090', 'Manta', null);
insert into huesped (idhuesped, nombrehuesped, generohuesped, cedulahuesped, telefonohuesped, ciudadhuesped, emailhuesped) values (61, 'Byram Pavese', 'Male', '86-2836225', '502-836-0191', 'Lima', 'bpavese1o@loc.gov');
insert into huesped (idhuesped, nombrehuesped, generohuesped, cedulahuesped, telefonohuesped, ciudadhuesped, emailhuesped) values (62, 'Niki Poulney', 'Female', '09-1734297', '675-575-2010', 'Bogota', 'npoulney1p@photobucket.com');
insert into huesped (idhuesped, nombrehuesped, generohuesped, cedulahuesped, telefonohuesped, ciudadhuesped, emailhuesped) values (63, 'Imojean Ickovicz', 'Female', '46-6701516', '738-791-9419', 'Baranquilla', 'iickovicz1q@posterous.com');
insert into huesped (idhuesped, nombrehuesped, generohuesped, cedulahuesped, telefonohuesped, ciudadhuesped, emailhuesped) values (64, 'Brandice Yallowley', 'Female', '75-4709368', '109-559-6854', 'Loja', 'byallowley1r@house.gov');
insert into huesped (idhuesped, nombrehuesped, generohuesped, cedulahuesped, telefonohuesped, ciudadhuesped, emailhuesped) values (65, 'Burgess Jeckell', 'Male', '81-2801980', '668-964-4263', 'Puyo', null);
insert into huesped (idhuesped, nombrehuesped, generohuesped, cedulahuesped, telefonohuesped, ciudadhuesped, emailhuesped) values (66, 'Cory Stringfellow', 'Female', '26-6361337', '681-682-2293', 'Santiago', null);
insert into huesped (idhuesped, nombrehuesped, generohuesped, cedulahuesped, telefonohuesped, ciudadhuesped, emailhuesped) values (67, 'Arther Pavis', 'Male', '11-7476378', '267-493-8448', 'Guayaquil', 'apavis1u@altervista.org');
insert into huesped (idhuesped, nombrehuesped, generohuesped, cedulahuesped, telefonohuesped, ciudadhuesped, emailhuesped) values (68, 'Lonni Davidowsky', 'Female', '06-5589072', '312-724-7169', 'Bogota', 'ldavidowsky1v@china.com.cn');
insert into huesped (idhuesped, nombrehuesped, generohuesped, cedulahuesped, telefonohuesped, ciudadhuesped, emailhuesped) values (69, 'Lukas Roff', 'Male', '20-3757363', '753-492-9573', 'Riobamba', null);
insert into huesped (idhuesped, nombrehuesped, generohuesped, cedulahuesped, telefonohuesped, ciudadhuesped, emailhuesped) values (70, 'Fidelio Cottell', 'Male', '37-2939859', '320-660-9589', 'Lima', null);
insert into huesped (idhuesped, nombrehuesped, generohuesped, cedulahuesped, telefonohuesped, ciudadhuesped, emailhuesped) values (71, 'Lynett Lauderdale', 'Female', '52-4929508', '114-768-4324', 'Montecristi', 'llauderdale1y@trellian.com');
insert into huesped (idhuesped, nombrehuesped, generohuesped, cedulahuesped, telefonohuesped, ciudadhuesped, emailhuesped) values (72, 'Ruby Paddemore', 'Female', '10-6225853', '284-547-8204', 'Medellin', null);
insert into huesped (idhuesped, nombrehuesped, generohuesped, cedulahuesped, telefonohuesped, ciudadhuesped, emailhuesped) values (73, 'Cesare Osgood', 'Male', '94-9625485', '374-185-5963', 'Cali', null);
insert into huesped (idhuesped, nombrehuesped, generohuesped, cedulahuesped, telefonohuesped, ciudadhuesped, emailhuesped) values (74, 'Zenia Bryns', 'Female', '73-2634235', '563-647-3710', 'Ibarra', null);
insert into huesped (idhuesped, nombrehuesped, generohuesped, cedulahuesped, telefonohuesped, ciudadhuesped, emailhuesped) values (75, 'Norris Tuftin', 'Male', '20-3997644', '277-644-1671', 'Puyo', null);
insert into huesped (idhuesped, nombrehuesped, generohuesped, cedulahuesped, telefonohuesped, ciudadhuesped, emailhuesped) values (76, 'Flore Wroe', 'Female', '80-8005849', '760-568-4777', 'Arauca', 'fwroe23@i2i.jp');
insert into huesped (idhuesped, nombrehuesped, generohuesped, cedulahuesped, telefonohuesped, ciudadhuesped, emailhuesped) values (77, 'Myriam Atling', 'Female', '13-2966643', '411-783-2348', 'Lago Agrio', 'matling24@scribd.com');
insert into huesped (idhuesped, nombrehuesped, generohuesped, cedulahuesped, telefonohuesped, ciudadhuesped, emailhuesped) values (78, 'Alecia Shurmer', 'Female', '48-0459939', '604-152-9813', 'Loja', 'ashurmer25@storify.com');
insert into huesped (idhuesped, nombrehuesped, generohuesped, cedulahuesped, telefonohuesped, ciudadhuesped, emailhuesped) values (79, 'Lukas Kender', 'Male', '92-0083303', '375-895-3544', 'Concepion', 'lkender26@examiner.com');
insert into huesped (idhuesped, nombrehuesped, generohuesped, cedulahuesped, telefonohuesped, ciudadhuesped, emailhuesped) values (80, 'Rolf Battleson', 'Male', '33-9340105', '187-518-8484', 'Lima', 'rbattleson27@cdbaby.com');
insert into huesped (idhuesped, nombrehuesped, generohuesped, cedulahuesped, telefonohuesped, ciudadhuesped, emailhuesped) values (81, 'Vally Gabbat', 'Female', '77-9838686', '811-671-7867', 'Riobamba', null);
insert into huesped (idhuesped, nombrehuesped, generohuesped, cedulahuesped, telefonohuesped, ciudadhuesped, emailhuesped) values (82, 'Care Jasiak', 'Male', '24-5954040', '331-508-3961', 'Guayaquil', null);
insert into huesped (idhuesped, nombrehuesped, generohuesped, cedulahuesped, telefonohuesped, ciudadhuesped, emailhuesped) values (83, 'Dix Pittet', 'Female', '52-0960582', '450-718-1093', 'Esmeraldas', 'dpittet2a@google.com');
insert into huesped (idhuesped, nombrehuesped, generohuesped, cedulahuesped, telefonohuesped, ciudadhuesped, emailhuesped) values (84, 'Pete Watting', 'Male', '20-2427528', '443-902-6363', 'Ambato', null);
insert into huesped (idhuesped, nombrehuesped, generohuesped, cedulahuesped, telefonohuesped, ciudadhuesped, emailhuesped) values (85, 'Nikolos Last', 'Male', '46-6613589', '886-597-4810', 'Ambato', 'nlast2c@ycombinator.com');
insert into huesped (idhuesped, nombrehuesped, generohuesped, cedulahuesped, telefonohuesped, ciudadhuesped, emailhuesped) values (86, 'Maureen Cline', 'Genderfluid', '34-4168645', '360-788-9540', 'Piura', null);
insert into huesped (idhuesped, nombrehuesped, generohuesped, cedulahuesped, telefonohuesped, ciudadhuesped, emailhuesped) values (87, 'Kandy Moro', 'Female', '03-3664201', '944-215-1922', 'Ambato', null);
insert into huesped (idhuesped, nombrehuesped, generohuesped, cedulahuesped, telefonohuesped, ciudadhuesped, emailhuesped) values (88, 'Ophelie Passler', 'Agender', '57-1093422', '994-229-5458', 'Bogota', null);
insert into huesped (idhuesped, nombrehuesped, generohuesped, cedulahuesped, telefonohuesped, ciudadhuesped, emailhuesped) values (89, 'Zonda Connock', 'Female', '48-4609983', '176-616-6707', 'Medellin', 'zconnock2g@who.int');
insert into huesped (idhuesped, nombrehuesped, generohuesped, cedulahuesped, telefonohuesped, ciudadhuesped, emailhuesped) values (90, 'Izabel Deeming', 'Female', '54-0037621', '282-414-8086', 'Arauca', 'ideeming2h@un.org');
insert into huesped (idhuesped, nombrehuesped, generohuesped, cedulahuesped, telefonohuesped, ciudadhuesped, emailhuesped) values (91, 'Valaria Glaze', 'Female', '78-0250825', '312-906-1092', 'Riobamba', null);
insert into huesped (idhuesped, nombrehuesped, generohuesped, cedulahuesped, telefonohuesped, ciudadhuesped, emailhuesped) values (92, 'Rick Olenchenko', 'Male', '68-3060988', '719-372-5543', 'Guayaquil', null);
insert into huesped (idhuesped, nombrehuesped, generohuesped, cedulahuesped, telefonohuesped, ciudadhuesped, emailhuesped) values (93, 'Melanie Fort', 'Female', '59-8551483', '963-573-2879', 'Cali', 'mfort2k@about.me');
insert into huesped (idhuesped, nombrehuesped, generohuesped, cedulahuesped, telefonohuesped, ciudadhuesped, emailhuesped) values (94, 'Cecily Szach', 'Female', '67-7633736', '203-885-0571', 'Esmeraldas', null);
insert into huesped (idhuesped, nombrehuesped, generohuesped, cedulahuesped, telefonohuesped, ciudadhuesped, emailhuesped) values (95, 'Garry Lehmann', 'Male', '29-4585645', '875-182-1200', 'Loja', 'glehmann2m@ameblo.jp');
insert into huesped (idhuesped, nombrehuesped, generohuesped, cedulahuesped, telefonohuesped, ciudadhuesped, emailhuesped) values (96, 'Daryl Ginglell', 'Female', '87-1163869', '703-505-8941', 'Ambato', null);
insert into huesped (idhuesped, nombrehuesped, generohuesped, cedulahuesped, telefonohuesped, ciudadhuesped, emailhuesped) values (97, 'Janaya Rootham', 'Female', '64-3106284', '569-648-7455', 'Loja', null);
insert into huesped (idhuesped, nombrehuesped, generohuesped, cedulahuesped, telefonohuesped, ciudadhuesped, emailhuesped) values (98, 'Paulette Newbold', 'Female', '70-5512527', '288-104-4346', 'Cuenca', 'pnewbold2p@reddit.com');
insert into huesped (idhuesped, nombrehuesped, generohuesped, cedulahuesped, telefonohuesped, ciudadhuesped, emailhuesped) values (99, 'Henryetta Kinnen', 'Female', '33-9856877', '432-311-8467', 'Ambato', null);
insert into huesped (idhuesped, nombrehuesped, generohuesped, cedulahuesped, telefonohuesped, ciudadhuesped, emailhuesped) values (100, 'Pepillo Buscombe', 'Male', '11-4771142', '578-775-9843', 'Baños', null);
insert into huesped (idhuesped, nombrehuesped, generohuesped, cedulahuesped, telefonohuesped, ciudadhuesped, emailhuesped) values (101, 'Malina De Ortega', 'Female', '40-5765212', '673-968-5303', 'Concepion', 'mde2s@quantcast.com');
/*==============================================================*/
/* Table: HABITACION                                              */
/*==============================================================*/
insert into habitacion (idhabitacion, tipohabitacion, numerohabitacion, capacidadhabitacion) values (1, 'grupal', 1, 3);
insert into habitacion (idhabitacion, tipohabitacion, numerohabitacion, capacidadhabitacion) values (2, 'suit', 2, 5);
insert into habitacion (idhabitacion, tipohabitacion, numerohabitacion, capacidadhabitacion) values (3, 'grupal', 3, 7);
insert into habitacion (idhabitacion, tipohabitacion, numerohabitacion, capacidadhabitacion) values (4, 'grupal', 4, 7);
insert into habitacion (idhabitacion, tipohabitacion, numerohabitacion, capacidadhabitacion) values (5, 'grupal', 5, 4);
insert into habitacion (idhabitacion, tipohabitacion, numerohabitacion, capacidadhabitacion) values (6, 'pareja', 6, 7);
insert into habitacion (idhabitacion, tipohabitacion, numerohabitacion, capacidadhabitacion) values (7, 'familiar', 7, 4);
insert into habitacion (idhabitacion, tipohabitacion, numerohabitacion, capacidadhabitacion) values (8, 'pareja', 8, 6);
insert into habitacion (idhabitacion, tipohabitacion, numerohabitacion, capacidadhabitacion) values (9, 'suit', 9, 7);
insert into habitacion (idhabitacion, tipohabitacion, numerohabitacion, capacidadhabitacion) values (10, 'grupal', 10, 8);
insert into habitacion (idhabitacion, tipohabitacion, numerohabitacion, capacidadhabitacion) values (11, 'pareja', 11, 4);
insert into habitacion (idhabitacion, tipohabitacion, numerohabitacion, capacidadhabitacion) values (12, 'pareja', 12, 6);
insert into habitacion (idhabitacion, tipohabitacion, numerohabitacion, capacidadhabitacion) values (13, 'pareja', 13, 1);
insert into habitacion (idhabitacion, tipohabitacion, numerohabitacion, capacidadhabitacion) values (14, 'familiar', 14, 3);
insert into habitacion (idhabitacion, tipohabitacion, numerohabitacion, capacidadhabitacion) values (15, 'familiar', 15, 6);
insert into habitacion (idhabitacion, tipohabitacion, numerohabitacion, capacidadhabitacion) values (16, 'grupal', 16, 5);
insert into habitacion (idhabitacion, tipohabitacion, numerohabitacion, capacidadhabitacion) values (17, 'grupal', 17, 2);
insert into habitacion (idhabitacion, tipohabitacion, numerohabitacion, capacidadhabitacion) values (18, 'familiar', 18, 6);
insert into habitacion (idhabitacion, tipohabitacion, numerohabitacion, capacidadhabitacion) values (19, 'normal', 19, 3);
insert into habitacion (idhabitacion, tipohabitacion, numerohabitacion, capacidadhabitacion) values (20, 'grupal', 20, 7);
insert into habitacion (idhabitacion, tipohabitacion, numerohabitacion, capacidadhabitacion) values (21, 'grupal', 21, 4);
insert into habitacion (idhabitacion, tipohabitacion, numerohabitacion, capacidadhabitacion) values (22, 'grupal', 22, 7);
insert into habitacion (idhabitacion, tipohabitacion, numerohabitacion, capacidadhabitacion) values (23, 'suit', 23, 8);
insert into habitacion (idhabitacion, tipohabitacion, numerohabitacion, capacidadhabitacion) values (24, 'familiar', 24, 1);
insert into habitacion (idhabitacion, tipohabitacion, numerohabitacion, capacidadhabitacion) values (25, 'pareja', 25, 5);
insert into habitacion (idhabitacion, tipohabitacion, numerohabitacion, capacidadhabitacion) values (26, 'familiar', 26, 5);
insert into habitacion (idhabitacion, tipohabitacion, numerohabitacion, capacidadhabitacion) values (27, 'familiar', 27, 8);
insert into habitacion (idhabitacion, tipohabitacion, numerohabitacion, capacidadhabitacion) values (28, 'normal', 28, 7);
insert into habitacion (idhabitacion, tipohabitacion, numerohabitacion, capacidadhabitacion) values (29, 'familiar', 29, 8);
insert into habitacion (idhabitacion, tipohabitacion, numerohabitacion, capacidadhabitacion) values (30, 'normal', 30, 1);
/*==============================================================*/
/* Table: EMPLEADO                                              */
/*==============================================================*/
insert into empleado (idempleado, nombreempleado, tipoempleado, cedulaempleado, fechanacimientoempleado, direccionempleado, generoempleado, telefonoempleado) values (1, 'Kyrstin Samarth', 'Por Horas', '46-8847152', '1981-07-08', '36 Hazelcrest Way', 'Female', '323-233-4019');
insert into empleado (idempleado, nombreempleado, tipoempleado, cedulaempleado, fechanacimientoempleado, direccionempleado, generoempleado, telefonoempleado) values (2, 'Noach Enriques', 'Por Horas', '57-1217115', '1997-02-12', '37294 Eastlawn Place', 'Male', '736-692-8328');
insert into empleado (idempleado, nombreempleado, tipoempleado, cedulaempleado, fechanacimientoempleado, direccionempleado, generoempleado, telefonoempleado) values (3, 'Esme Dunkersley', 'Contrato', '76-8455505', '1990-12-10', '5 Lotheville Way', 'Male', '381-880-1239');
insert into empleado (idempleado, nombreempleado, tipoempleado, cedulaempleado, fechanacimientoempleado, direccionempleado, generoempleado, telefonoempleado) values (4, 'Manny Campbell-Dunlop', 'Por Horas', '68-1335738', '1999-10-25', '75 Meadow Valley Place', 'Non-binary', '424-406-8684');
insert into empleado (idempleado, nombreempleado, tipoempleado, cedulaempleado, fechanacimientoempleado, direccionempleado, generoempleado, telefonoempleado) values (5, 'Brynne Just', 'Por Horas', '26-1403591', '1995-12-28', '849 Maryland Terrace', 'Female', '915-260-9541');
insert into empleado (idempleado, nombreempleado, tipoempleado, cedulaempleado, fechanacimientoempleado, direccionempleado, generoempleado, telefonoempleado) values (6, 'Lucias Tourne', 'Contrato', '53-4120243', '1986-01-24', '67045 Oneill Court', 'Genderfluid', '447-556-8410');
insert into empleado (idempleado, nombreempleado, tipoempleado, cedulaempleado, fechanacimientoempleado, direccionempleado, generoempleado, telefonoempleado) values (7, 'Bibbye Couzens', 'Por Horas', '14-8350510', '1997-11-12', '898 2nd Trail', 'Female', '771-316-0651');
insert into empleado (idempleado, nombreempleado, tipoempleado, cedulaempleado, fechanacimientoempleado, direccionempleado, generoempleado, telefonoempleado) values (8, 'Patrick Kerrich', 'Por Horas', '90-1001956', '1998-03-19', '075 Sommers Terrace', 'Male', '717-702-7503');
insert into empleado (idempleado, nombreempleado, tipoempleado, cedulaempleado, fechanacimientoempleado, direccionempleado, generoempleado, telefonoempleado) values (9, 'Nataniel Osipov', 'Por Horas', '01-6125777', '1980-11-25', '8 Chive Park', 'Male', '558-751-0015');
insert into empleado (idempleado, nombreempleado, tipoempleado, cedulaempleado, fechanacimientoempleado, direccionempleado, generoempleado, telefonoempleado) values (10, 'Erika Brooksby', 'Contrato', '82-6925816', '1981-12-29', '7759 Mariners Cove Avenue', 'Female', '940-578-5458');
insert into empleado (idempleado, nombreempleado, tipoempleado, cedulaempleado, fechanacimientoempleado, direccionempleado, generoempleado, telefonoempleado) values (11, 'Amandie Nairns', 'Contrato', '62-5677711', '1986-09-02', '1873 Victoria Place', 'Female', '765-639-7162');
insert into empleado (idempleado, nombreempleado, tipoempleado, cedulaempleado, fechanacimientoempleado, direccionempleado, generoempleado, telefonoempleado) values (12, 'Ingram Bengoechea', 'Contrato', '79-7871507', '1996-03-03', '01 Badeau Crossing', 'Male', '663-803-2051');
insert into empleado (idempleado, nombreempleado, tipoempleado, cedulaempleado, fechanacimientoempleado, direccionempleado, generoempleado, telefonoempleado) values (13, 'Sheryl Sutlieff', 'Contrato', '76-5738390', '1988-09-03', '42 Quincy Avenue', 'Genderfluid', '509-240-7537');
insert into empleado (idempleado, nombreempleado, tipoempleado, cedulaempleado, fechanacimientoempleado, direccionempleado, generoempleado, telefonoempleado) values (14, 'Gerald Edgeworth', 'Contrato', '75-7107415', '1981-01-11', '3 Old Gate Lane', 'Male', '455-421-3540');
insert into empleado (idempleado, nombreempleado, tipoempleado, cedulaempleado, fechanacimientoempleado, direccionempleado, generoempleado, telefonoempleado) values (15, 'Christoforo Toor', 'Contrato', '82-5680790', '1995-12-23', '9813 Continental Pass', 'Male', '573-552-3487');
insert into empleado (idempleado, nombreempleado, tipoempleado, cedulaempleado, fechanacimientoempleado, direccionempleado, generoempleado, telefonoempleado) values (16, 'Garner Koomar', 'Contrato', '06-2880754', '1993-09-10', '1 Lien Point', 'Bigender', '277-315-2403');
insert into empleado (idempleado, nombreempleado, tipoempleado, cedulaempleado, fechanacimientoempleado, direccionempleado, generoempleado, telefonoempleado) values (17, 'Jay Calderon', 'Por Horas', '90-2432210', '1995-07-28', '69323 Declaration Pass', 'Male', '214-605-7022');
insert into empleado (idempleado, nombreempleado, tipoempleado, cedulaempleado, fechanacimientoempleado, direccionempleado, generoempleado, telefonoempleado) values (18, 'Ann Morrel', 'Por Horas', '99-4600393', '1980-11-24', '1809 Stoughton Crossing', 'Female', '408-650-9312');
insert into empleado (idempleado, nombreempleado, tipoempleado, cedulaempleado, fechanacimientoempleado, direccionempleado, generoempleado, telefonoempleado) values (19, 'Mel Treuge', 'Contrato', '27-6322391', '1980-10-04', '30 Lukken Terrace', 'Female', '242-949-6513');
insert into empleado (idempleado, nombreempleado, tipoempleado, cedulaempleado, fechanacimientoempleado, direccionempleado, generoempleado, telefonoempleado) values (20, 'Mart Flute', 'Contrato', '07-5474519', '1982-09-13', '433 Twin Pines Plaza', 'Genderqueer', '743-562-2744');
insert into empleado (idempleado, nombreempleado, tipoempleado, cedulaempleado, fechanacimientoempleado, direccionempleado, generoempleado, telefonoempleado) values (21, 'Peg August', 'Contrato', '21-6127840', '1994-08-22', '2094 Miller Court', 'Female', '875-428-5363');
insert into empleado (idempleado, nombreempleado, tipoempleado, cedulaempleado, fechanacimientoempleado, direccionempleado, generoempleado, telefonoempleado) values (22, 'Joshuah Domingues', 'Por Horas', '30-0481693', '1996-06-22', '404 6th Circle', 'Male', '538-764-8401');
insert into empleado (idempleado, nombreempleado, tipoempleado, cedulaempleado, fechanacimientoempleado, direccionempleado, generoempleado, telefonoempleado) values (23, 'Wernher Fulleylove', 'Contrato', '10-9457683', '1999-01-15', '73 Scott Point', 'Male', '413-229-0748');
insert into empleado (idempleado, nombreempleado, tipoempleado, cedulaempleado, fechanacimientoempleado, direccionempleado, generoempleado, telefonoempleado) values (24, 'Myron Kelshaw', 'Por Horas', '81-1324473', '1997-03-01', '4 Blackbird Court', 'Male', '960-728-8540');
insert into empleado (idempleado, nombreempleado, tipoempleado, cedulaempleado, fechanacimientoempleado, direccionempleado, generoempleado, telefonoempleado) values (25, 'Andee Ygou', 'Contrato', '25-6261309', '1993-11-14', '983 Butternut Terrace', 'Female', '755-958-7996');
insert into empleado (idempleado, nombreempleado, tipoempleado, cedulaempleado, fechanacimientoempleado, direccionempleado, generoempleado, telefonoempleado) values (26, 'Anatola Ghirigori', 'Por Horas', '41-4410816', '1984-08-20', '6 Swallow Terrace', 'Female', '329-212-0577');
insert into empleado (idempleado, nombreempleado, tipoempleado, cedulaempleado, fechanacimientoempleado, direccionempleado, generoempleado, telefonoempleado) values (27, 'Jerrie O''Regan', 'Por Horas', '13-3323716', '1986-01-23', '6 Dorton Alley', 'Female', '816-868-8062');
insert into empleado (idempleado, nombreempleado, tipoempleado, cedulaempleado, fechanacimientoempleado, direccionempleado, generoempleado, telefonoempleado) values (28, 'Francis Glencorse', 'Contrato', '93-6666395', '1990-09-23', '49847 Sommers Court', 'Agender', '383-433-6358');
insert into empleado (idempleado, nombreempleado, tipoempleado, cedulaempleado, fechanacimientoempleado, direccionempleado, generoempleado, telefonoempleado) values (29, 'Simmonds Sheather', 'Contrato', '45-6916700', '1987-09-05', '9921 Lillian Place', 'Male', '617-728-9647');
insert into empleado (idempleado, nombreempleado, tipoempleado, cedulaempleado, fechanacimientoempleado, direccionempleado, generoempleado, telefonoempleado) values (30, 'Sheffy Goublier', 'Contrato', '10-2751980', '1991-08-28', '03747 Rutledge Point', 'Bigender', '281-455-0246');
insert into empleado (idempleado, nombreempleado, tipoempleado, cedulaempleado, fechanacimientoempleado, direccionempleado, generoempleado, telefonoempleado) values (31, 'Stanley Woodyeare', 'Por Horas', '03-0237421', '1992-07-19', '94730 Vermont Plaza', 'Non-binary', '310-884-4947');
insert into empleado (idempleado, nombreempleado, tipoempleado, cedulaempleado, fechanacimientoempleado, direccionempleado, generoempleado, telefonoempleado) values (32, 'Jourdain Genner', 'Contrato', '21-2960553', '1991-02-23', '003 Gulseth Way', 'Male', '813-166-7705');
insert into empleado (idempleado, nombreempleado, tipoempleado, cedulaempleado, fechanacimientoempleado, direccionempleado, generoempleado, telefonoempleado) values (33, 'Rosanna Conrard', 'Contrato', '93-7806776', '1986-03-13', '99 Petterle Street', 'Female', '411-896-5292');
insert into empleado (idempleado, nombreempleado, tipoempleado, cedulaempleado, fechanacimientoempleado, direccionempleado, generoempleado, telefonoempleado) values (34, 'Malina Cracknell', 'Contrato', '62-7971302', '1987-01-23', '6166 Birchwood Pass', 'Female', '256-499-7019');
insert into empleado (idempleado, nombreempleado, tipoempleado, cedulaempleado, fechanacimientoempleado, direccionempleado, generoempleado, telefonoempleado) values (35, 'Judi Feares', 'Contrato', '89-2025642', '1992-07-19', '86 Sugar Way', 'Female', '202-891-3741');
insert into empleado (idempleado, nombreempleado, tipoempleado, cedulaempleado, fechanacimientoempleado, direccionempleado, generoempleado, telefonoempleado) values (36, 'Gran Hattiff', 'Contrato', '18-4603264', '2000-09-04', '22991 Graceland Lane', 'Male', '892-254-3271');
insert into empleado (idempleado, nombreempleado, tipoempleado, cedulaempleado, fechanacimientoempleado, direccionempleado, generoempleado, telefonoempleado) values (37, 'Karee Sapseed', 'Contrato', '19-1573721', '1982-06-26', '9 Cherokee Lane', 'Female', '174-461-0355');
insert into empleado (idempleado, nombreempleado, tipoempleado, cedulaempleado, fechanacimientoempleado, direccionempleado, generoempleado, telefonoempleado) values (38, 'Jillie Croxall', 'Contrato', '94-9952223', '1981-01-07', '4068 Becker Parkway', 'Female', '639-505-7460');
insert into empleado (idempleado, nombreempleado, tipoempleado, cedulaempleado, fechanacimientoempleado, direccionempleado, generoempleado, telefonoempleado) values (39, 'Zandra Dyke', 'Contrato', '96-4479065', '1989-07-21', '53 Clemons Pass', 'Female', '195-840-2027');
insert into empleado (idempleado, nombreempleado, tipoempleado, cedulaempleado, fechanacimientoempleado, direccionempleado, generoempleado, telefonoempleado) values (40, 'Weylin Mountford', 'Por Horas', '12-2208385', '1992-01-06', '961 Bluejay Street', 'Male', '866-708-2674');
insert into empleado (idempleado, nombreempleado, tipoempleado, cedulaempleado, fechanacimientoempleado, direccionempleado, generoempleado, telefonoempleado) values (41, 'Genia Ballintyne', 'Contrato', '93-2753451', '1997-05-20', '08 Lakewood Gardens Street', 'Female', '979-453-1042');
insert into empleado (idempleado, nombreempleado, tipoempleado, cedulaempleado, fechanacimientoempleado, direccionempleado, generoempleado, telefonoempleado) values (42, 'Brock Huffer', 'Contrato', '12-4932072', '1988-09-19', '1 Crest Line Hill', 'Male', '519-805-5814');
insert into empleado (idempleado, nombreempleado, tipoempleado, cedulaempleado, fechanacimientoempleado, direccionempleado, generoempleado, telefonoempleado) values (43, 'Lucian Jurick', 'Por Horas', '48-7695255', '1990-11-05', '744 Karstens Parkway', 'Male', '110-264-9858');
insert into empleado (idempleado, nombreempleado, tipoempleado, cedulaempleado, fechanacimientoempleado, direccionempleado, generoempleado, telefonoempleado) values (44, 'April Livzey', 'Contrato', '49-4695130', '1990-03-06', '551 Golf View Plaza', 'Female', '358-274-3300');
insert into empleado (idempleado, nombreempleado, tipoempleado, cedulaempleado, fechanacimientoempleado, direccionempleado, generoempleado, telefonoempleado) values (45, 'Temp Cantwell', 'Por Horas', '73-4556806', '2000-02-01', '36110 Donald Parkway', 'Male', '175-969-5249');
insert into empleado (idempleado, nombreempleado, tipoempleado, cedulaempleado, fechanacimientoempleado, direccionempleado, generoempleado, telefonoempleado) values (46, 'Lenore Eydel', 'Contrato', '05-6707711', '1997-08-23', '080 Redwing Plaza', 'Polygender', '984-971-8798');
insert into empleado (idempleado, nombreempleado, tipoempleado, cedulaempleado, fechanacimientoempleado, direccionempleado, generoempleado, telefonoempleado) values (47, 'Kincaid McCurley', 'Por Horas', '04-3410343', '2000-08-11', '45360 Shopko Hill', 'Male', '485-187-3170');
insert into empleado (idempleado, nombreempleado, tipoempleado, cedulaempleado, fechanacimientoempleado, direccionempleado, generoempleado, telefonoempleado) values (48, 'Arleta Vanyukov', 'Por Horas', '88-2347553', '1990-08-02', '38925 Bluejay Way', 'Female', '917-186-3767');
insert into empleado (idempleado, nombreempleado, tipoempleado, cedulaempleado, fechanacimientoempleado, direccionempleado, generoempleado, telefonoempleado) values (49, 'Corliss Arnoll', 'Por Horas', '63-4320095', '1994-08-11', '8594 Cambridge Avenue', 'Female', '869-276-3004');
insert into empleado (idempleado, nombreempleado, tipoempleado, cedulaempleado, fechanacimientoempleado, direccionempleado, generoempleado, telefonoempleado) values (50, 'Harman Petrazzi', 'Contrato', '38-5680296', '1987-12-30', '27679 Warrior Alley', 'Male', '446-903-7699');
insert into empleado (idempleado, nombreempleado, tipoempleado, cedulaempleado, fechanacimientoempleado, direccionempleado, generoempleado, telefonoempleado) values (51, 'Lorrie Wooland', 'Contrato', '25-1270905', '1995-06-26', '85061 2nd Crossing', 'Female', '992-443-1667');
insert into empleado (idempleado, nombreempleado, tipoempleado, cedulaempleado, fechanacimientoempleado, direccionempleado, generoempleado, telefonoempleado) values (52, 'Shermie Mattin', 'Por Horas', '32-5869419', '1998-08-01', '643 Helena Hill', 'Male', '722-174-1725');
insert into empleado (idempleado, nombreempleado, tipoempleado, cedulaempleado, fechanacimientoempleado, direccionempleado, generoempleado, telefonoempleado) values (53, 'Joletta Probbin', 'Por Horas', '75-1564793', '1980-05-11', '7067 Schlimgen Plaza', 'Female', '973-441-0126');
insert into empleado (idempleado, nombreempleado, tipoempleado, cedulaempleado, fechanacimientoempleado, direccionempleado, generoempleado, telefonoempleado) values (54, 'Cindelyn Trubshaw', 'Por Horas', '47-9981680', '1982-05-01', '3 Sloan Junction', 'Non-binary', '710-507-8586');
insert into empleado (idempleado, nombreempleado, tipoempleado, cedulaempleado, fechanacimientoempleado, direccionempleado, generoempleado, telefonoempleado) values (55, 'Mayne Tyrone', 'Contrato', '64-5428024', '1997-12-24', '38392 Maple Wood Avenue', 'Male', '437-923-3292');
insert into empleado (idempleado, nombreempleado, tipoempleado, cedulaempleado, fechanacimientoempleado, direccionempleado, generoempleado, telefonoempleado) values (56, 'Nelie Shannahan', 'Contrato', '79-6010319', '1991-09-11', '92868 Laurel Trail', 'Female', '613-385-9537');
insert into empleado (idempleado, nombreempleado, tipoempleado, cedulaempleado, fechanacimientoempleado, direccionempleado, generoempleado, telefonoempleado) values (57, 'Ardys Moorey', 'Contrato', '63-8163576', '1997-05-14', '35 Nevada Pass', 'Female', '953-233-2473');
insert into empleado (idempleado, nombreempleado, tipoempleado, cedulaempleado, fechanacimientoempleado, direccionempleado, generoempleado, telefonoempleado) values (58, 'Betta Berthon', 'Por Horas', '95-2888526', '2000-02-01', '1723 Spaight Drive', 'Female', '320-781-7996');
insert into empleado (idempleado, nombreempleado, tipoempleado, cedulaempleado, fechanacimientoempleado, direccionempleado, generoempleado, telefonoempleado) values (59, 'Trent Gorry', 'Por Horas', '58-8839466', '1984-05-01', '6830 Northwestern Place', 'Male', '864-991-5112');
insert into empleado (idempleado, nombreempleado, tipoempleado, cedulaempleado, fechanacimientoempleado, direccionempleado, generoempleado, telefonoempleado) values (60, 'Giusto Warmington', 'Por Horas', '81-5655774', '1990-07-29', '3 Garrison Avenue', 'Male', '177-941-6402');
insert into empleado (idempleado, nombreempleado, tipoempleado, cedulaempleado, fechanacimientoempleado, direccionempleado, generoempleado, telefonoempleado) values (61, 'Ruthann Huby', 'Por Horas', '56-3696512', '1999-11-06', '6019 Bultman Circle', 'Female', '866-617-9522');
insert into empleado (idempleado, nombreempleado, tipoempleado, cedulaempleado, fechanacimientoempleado, direccionempleado, generoempleado, telefonoempleado) values (62, 'Alex Jindracek', 'Contrato', '25-7023349', '1986-05-01', '23 Brickson Park Circle', 'Male', '262-294-6458');
insert into empleado (idempleado, nombreempleado, tipoempleado, cedulaempleado, fechanacimientoempleado, direccionempleado, generoempleado, telefonoempleado) values (63, 'Dulciana Kingcote', 'Por Horas', '03-3451690', '1990-09-13', '1642 Mockingbird Way', 'Female', '645-889-2556');
insert into empleado (idempleado, nombreempleado, tipoempleado, cedulaempleado, fechanacimientoempleado, direccionempleado, generoempleado, telefonoempleado) values (64, 'Benny Basden', 'Por Horas', '95-6489159', '1990-06-12', '16 Buell Road', 'Female', '527-961-0278');
insert into empleado (idempleado, nombreempleado, tipoempleado, cedulaempleado, fechanacimientoempleado, direccionempleado, generoempleado, telefonoempleado) values (65, 'Kenn Grisard', 'Por Horas', '41-9016350', '1988-06-28', '80502 Mifflin Avenue', 'Male', '618-715-4192');
insert into empleado (idempleado, nombreempleado, tipoempleado, cedulaempleado, fechanacimientoempleado, direccionempleado, generoempleado, telefonoempleado) values (66, 'Beltran Ingolotti', 'Por Horas', '61-5137187', '1984-06-24', '402 Bellgrove Avenue', 'Male', '755-119-2539');
insert into empleado (idempleado, nombreempleado, tipoempleado, cedulaempleado, fechanacimientoempleado, direccionempleado, generoempleado, telefonoempleado) values (67, 'Dolores Payton', 'Por Horas', '07-2715367', '1998-12-02', '7192 Iowa Place', 'Female', '503-402-4388');
insert into empleado (idempleado, nombreempleado, tipoempleado, cedulaempleado, fechanacimientoempleado, direccionempleado, generoempleado, telefonoempleado) values (68, 'Annamarie Beaston', 'Contrato', '74-2814505', '1996-07-24', '57 Warbler Road', 'Female', '808-642-0546');
insert into empleado (idempleado, nombreempleado, tipoempleado, cedulaempleado, fechanacimientoempleado, direccionempleado, generoempleado, telefonoempleado) values (69, 'Vyky Jarrelt', 'Contrato', '01-2837539', '1999-09-26', '614 Pierstorff Point', 'Female', '416-413-7672');
insert into empleado (idempleado, nombreempleado, tipoempleado, cedulaempleado, fechanacimientoempleado, direccionempleado, generoempleado, telefonoempleado) values (70, 'Grover Chaster', 'Por Horas', '47-1918280', '1981-12-12', '6 Forest Run Avenue', 'Male', '762-821-0503');
insert into empleado (idempleado, nombreempleado, tipoempleado, cedulaempleado, fechanacimientoempleado, direccionempleado, generoempleado, telefonoempleado) values (71, 'Puff Boules', 'Por Horas', '93-4606780', '1987-07-30', '2218 Lakewood Gardens Way', 'Male', '364-336-6953');
insert into empleado (idempleado, nombreempleado, tipoempleado, cedulaempleado, fechanacimientoempleado, direccionempleado, generoempleado, telefonoempleado) values (72, 'Kari Cotty', 'Por Horas', '18-2292699', '1986-11-15', '82 Mifflin Park', 'Female', '915-254-4369');
insert into empleado (idempleado, nombreempleado, tipoempleado, cedulaempleado, fechanacimientoempleado, direccionempleado, generoempleado, telefonoempleado) values (73, 'Greer Gawthorpe', 'Por Horas', '26-6675899', '1983-08-29', '4900 Crownhardt Court', 'Female', '468-814-4023');
insert into empleado (idempleado, nombreempleado, tipoempleado, cedulaempleado, fechanacimientoempleado, direccionempleado, generoempleado, telefonoempleado) values (74, 'Menard Hundell', 'Contrato', '74-1474634', '1990-03-24', '4886 Clemons Parkway', 'Male', '417-807-9925');
insert into empleado (idempleado, nombreempleado, tipoempleado, cedulaempleado, fechanacimientoempleado, direccionempleado, generoempleado, telefonoempleado) values (75, 'Filia Jirus', 'Por Horas', '32-9890326', '1984-01-18', '7 Hudson Crossing', 'Female', '510-549-3475');
insert into empleado (idempleado, nombreempleado, tipoempleado, cedulaempleado, fechanacimientoempleado, direccionempleado, generoempleado, telefonoempleado) values (76, 'Court Meaney', 'Contrato', '72-0442526', '1986-07-01', '1617 Di Loreto Alley', 'Genderfluid', '107-317-8660');
insert into empleado (idempleado, nombreempleado, tipoempleado, cedulaempleado, fechanacimientoempleado, direccionempleado, generoempleado, telefonoempleado) values (77, 'Lyell Veryan', 'Por Horas', '92-6045186', '1997-12-07', '3687 Dayton Crossing', 'Male', '653-630-8673');
insert into empleado (idempleado, nombreempleado, tipoempleado, cedulaempleado, fechanacimientoempleado, direccionempleado, generoempleado, telefonoempleado) values (78, 'Tamra Gorstidge', 'Por Horas', '40-7750029', '1991-03-23', '83600 Fairview Point', 'Female', '803-752-0759');
insert into empleado (idempleado, nombreempleado, tipoempleado, cedulaempleado, fechanacimientoempleado, direccionempleado, generoempleado, telefonoempleado) values (79, 'Xenos Burrells', 'Contrato', '33-1964714', '1996-04-24', '7 Schlimgen Pass', 'Male', '952-298-1897');
insert into empleado (idempleado, nombreempleado, tipoempleado, cedulaempleado, fechanacimientoempleado, direccionempleado, generoempleado, telefonoempleado) values (80, 'Gottfried Vasin', 'Por Horas', '73-2539010', '1995-06-24', '699 Jenifer Point', 'Male', '955-707-0462');
insert into empleado (idempleado, nombreempleado, tipoempleado, cedulaempleado, fechanacimientoempleado, direccionempleado, generoempleado, telefonoempleado) values (81, 'Ossie Fritchley', 'Contrato', '95-9230058', '1999-10-11', '67516 1st Street', 'Male', '419-975-2799');
insert into empleado (idempleado, nombreempleado, tipoempleado, cedulaempleado, fechanacimientoempleado, direccionempleado, generoempleado, telefonoempleado) values (82, 'Amelina Massingberd', 'Por Horas', '07-1718592', '1996-05-13', '927 Kinsman Terrace', 'Female', '584-794-4985');
insert into empleado (idempleado, nombreempleado, tipoempleado, cedulaempleado, fechanacimientoempleado, direccionempleado, generoempleado, telefonoempleado) values (83, 'Jerry Marke', 'Por Horas', '61-4074316', '2000-02-03', '94 Ryan Drive', 'Male', '107-403-3112');
insert into empleado (idempleado, nombreempleado, tipoempleado, cedulaempleado, fechanacimientoempleado, direccionempleado, generoempleado, telefonoempleado) values (84, 'Johannah Brahan', 'Por Horas', '35-8171285', '1991-09-12', '590 La Follette Junction', 'Female', '120-884-9858');
insert into empleado (idempleado, nombreempleado, tipoempleado, cedulaempleado, fechanacimientoempleado, direccionempleado, generoempleado, telefonoempleado) values (85, 'Kessia Barnewelle', 'Contrato', '36-2415352', '1993-11-04', '1760 Eastwood Avenue', 'Female', '702-399-5664');
insert into empleado (idempleado, nombreempleado, tipoempleado, cedulaempleado, fechanacimientoempleado, direccionempleado, generoempleado, telefonoempleado) values (86, 'Angie Glaister', 'Contrato', '97-6765686', '1989-09-22', '9 Westend Alley', 'Male', '891-783-0587');
insert into empleado (idempleado, nombreempleado, tipoempleado, cedulaempleado, fechanacimientoempleado, direccionempleado, generoempleado, telefonoempleado) values (87, 'Desiri Antoniewski', 'Contrato', '91-9579219', '1992-06-10', '16357 Hanson Point', 'Polygender', '995-263-7140');
insert into empleado (idempleado, nombreempleado, tipoempleado, cedulaempleado, fechanacimientoempleado, direccionempleado, generoempleado, telefonoempleado) values (88, 'Stanleigh D''Alessio', 'Contrato', '83-6928669', '1992-07-04', '37 Fairfield Hill', 'Male', '591-322-6573');
insert into empleado (idempleado, nombreempleado, tipoempleado, cedulaempleado, fechanacimientoempleado, direccionempleado, generoempleado, telefonoempleado) values (89, 'Kira Penhall', 'Por Horas', '91-3532586', '1988-06-11', '88143 North Terrace', 'Female', '784-586-1647');
insert into empleado (idempleado, nombreempleado, tipoempleado, cedulaempleado, fechanacimientoempleado, direccionempleado, generoempleado, telefonoempleado) values (90, 'Ernest Juckes', 'Contrato', '76-0127168', '1980-08-29', '6 Johnson Crossing', 'Male', '889-674-0731');
insert into empleado (idempleado, nombreempleado, tipoempleado, cedulaempleado, fechanacimientoempleado, direccionempleado, generoempleado, telefonoempleado) values (91, 'Laurie Kondratovich', 'Por Horas', '21-6691918', '1989-09-10', '3014 Northport Circle', 'Male', '461-578-3694');
insert into empleado (idempleado, nombreempleado, tipoempleado, cedulaempleado, fechanacimientoempleado, direccionempleado, generoempleado, telefonoempleado) values (92, 'Clyve Cahani', 'Contrato', '33-1800832', '1991-10-19', '8924 Graedel Point', 'Male', '255-268-3328');
insert into empleado (idempleado, nombreempleado, tipoempleado, cedulaempleado, fechanacimientoempleado, direccionempleado, generoempleado, telefonoempleado) values (93, 'Guido Mose', 'Por Horas', '17-0873894', '1991-11-15', '2882 Heffernan Point', 'Male', '907-993-4411');
insert into empleado (idempleado, nombreempleado, tipoempleado, cedulaempleado, fechanacimientoempleado, direccionempleado, generoempleado, telefonoempleado) values (94, 'Margareta Shipman', 'Por Horas', '57-6081003', '1996-06-29', '39912 Artisan Point', 'Female', '116-995-2435');
insert into empleado (idempleado, nombreempleado, tipoempleado, cedulaempleado, fechanacimientoempleado, direccionempleado, generoempleado, telefonoempleado) values (95, 'Neron Gotling', 'Contrato', '86-6575413', '1988-03-22', '4 Troy Drive', 'Male', '923-271-3308');
insert into empleado (idempleado, nombreempleado, tipoempleado, cedulaempleado, fechanacimientoempleado, direccionempleado, generoempleado, telefonoempleado) values (96, 'Addie Coon', 'Por Horas', '15-8711988', '1992-09-27', '23054 Anhalt Terrace', 'Genderfluid', '507-387-6723');
insert into empleado (idempleado, nombreempleado, tipoempleado, cedulaempleado, fechanacimientoempleado, direccionempleado, generoempleado, telefonoempleado) values (97, 'Cyndia Erdis', 'Contrato', '14-3829805', '1991-12-15', '210 Union Court', 'Female', '449-578-2494');
insert into empleado (idempleado, nombreempleado, tipoempleado, cedulaempleado, fechanacimientoempleado, direccionempleado, generoempleado, telefonoempleado) values (98, 'Eilis Mantrup', 'Por Horas', '34-6589074', '1986-08-24', '4764 Forest Way', 'Female', '899-753-3226');
insert into empleado (idempleado, nombreempleado, tipoempleado, cedulaempleado, fechanacimientoempleado, direccionempleado, generoempleado, telefonoempleado) values (99, 'Lind Sheering', 'Contrato', '81-9011376', '1992-03-26', '08098 Daystar Park', 'Female', '389-974-1141');
insert into empleado (idempleado, nombreempleado, tipoempleado, cedulaempleado, fechanacimientoempleado, direccionempleado, generoempleado, telefonoempleado) values (100, 'Vina Deble', 'Por Horas', '70-7917473', '1995-02-17', '3 Susan Drive', 'Female', '912-211-1276');
insert into empleado (idempleado, nombreempleado, tipoempleado, cedulaempleado, fechanacimientoempleado, direccionempleado, generoempleado, telefonoempleado) values (101, 'Skylar Reboul', 'Por Horas', '84-4731184', '1980-10-13', '8 Sachtjen Lane', 'Agender', '721-790-6014');
/*==============================================================*/
/* Table: SERVICIOS                                              */
/*==============================================================*/
insert into servicios (id_servicio, idempleado, tipodepagoservicio, tiposervicio) values (1, 6, 'bitcoin', 'acompañamiento');
insert into servicios (id_servicio, idempleado, tipodepagoservicio, tiposervicio) values (2, 90, 'efectivo', 'acompañamiento');
insert into servicios (id_servicio, idempleado, tipodepagoservicio, tiposervicio) values (3, 75, 'efectivo', 'traductor');
insert into servicios (id_servicio, idempleado, tipodepagoservicio, tiposervicio) values (4, 49, 'bitcoin', 'limpieza');
insert into servicios (id_servicio, idempleado, tipodepagoservicio, tiposervicio) values (5, 9, 'efectivo', 'a la habitacion');
insert into servicios (id_servicio, idempleado, tipodepagoservicio, tiposervicio) values (6, 14, 'cheque', 'traductor');
insert into servicios (id_servicio, idempleado, tipodepagoservicio, tiposervicio) values (7, 101, 'bitcoin', 'guardia');
insert into servicios (id_servicio, idempleado, tipodepagoservicio, tiposervicio) values (8, 91, 'tarjeta', 'guardia');
insert into servicios (id_servicio, idempleado, tipodepagoservicio, tiposervicio) values (9, 96, 'cheque', 'limpieza');
insert into servicios (id_servicio, idempleado, tipodepagoservicio, tiposervicio) values (10, 41, 'cheque', 'traductor');
insert into servicios (id_servicio, idempleado, tipodepagoservicio, tiposervicio) values (11, 99, 'tarjeta', 'guia');
insert into servicios (id_servicio, idempleado, tipodepagoservicio, tiposervicio) values (12, 80, 'bitcoin', 'limpieza');
insert into servicios (id_servicio, idempleado, tipodepagoservicio, tiposervicio) values (13, 11, 'cheque', 'acompañamiento');
insert into servicios (id_servicio, idempleado, tipodepagoservicio, tiposervicio) values (14, 71, 'tarjeta', 'guia');
insert into servicios (id_servicio, idempleado, tipodepagoservicio, tiposervicio) values (15, 85, 'tarjeta', 'limpieza');
insert into servicios (id_servicio, idempleado, tipodepagoservicio, tiposervicio) values (16, 55, 'efectivo', 'limpieza');
insert into servicios (id_servicio, idempleado, tipodepagoservicio, tiposervicio) values (17, 64, 'cheque', 'guia');
insert into servicios (id_servicio, idempleado, tipodepagoservicio, tiposervicio) values (18, 96, 'tarjeta', 'guia');
insert into servicios (id_servicio, idempleado, tipodepagoservicio, tiposervicio) values (19, 35, 'tarjeta', 'limpieza');
insert into servicios (id_servicio, idempleado, tipodepagoservicio, tiposervicio) values (20, 44, 'cheque', 'limpieza');
insert into servicios (id_servicio, idempleado, tipodepagoservicio, tiposervicio) values (21, 8, 'tarjeta', 'guardia');
insert into servicios (id_servicio, idempleado, tipodepagoservicio, tiposervicio) values (22, 88, 'efectivo', 'guardia');
insert into servicios (id_servicio, idempleado, tipodepagoservicio, tiposervicio) values (23, 71, 'efectivo', 'acompañamiento');
insert into servicios (id_servicio, idempleado, tipodepagoservicio, tiposervicio) values (24, 11, 'cheque', 'guia');
insert into servicios (id_servicio, idempleado, tipodepagoservicio, tiposervicio) values (25, 88, 'tarjeta', 'a la habitacion');
insert into servicios (id_servicio, idempleado, tipodepagoservicio, tiposervicio) values (26, 45, 'cheque', 'guardia');
insert into servicios (id_servicio, idempleado, tipodepagoservicio, tiposervicio) values (27, 20, 'cheque', 'guia');
insert into servicios (id_servicio, idempleado, tipodepagoservicio, tiposervicio) values (28, 20, 'tarjeta', 'traductor');
insert into servicios (id_servicio, idempleado, tipodepagoservicio, tiposervicio) values (29, 6, 'bitcoin', 'a la habitacion');
insert into servicios (id_servicio, idempleado, tipodepagoservicio, tiposervicio) values (30, 40, 'bitcoin', 'guardia');
insert into servicios (id_servicio, idempleado, tipodepagoservicio, tiposervicio) values (31, 74, 'tarjeta', 'limpieza');
insert into servicios (id_servicio, idempleado, tipodepagoservicio, tiposervicio) values (32, 47, 'bitcoin', 'a la habitacion');
insert into servicios (id_servicio, idempleado, tipodepagoservicio, tiposervicio) values (33, 101, 'efectivo', 'a la habitacion');
insert into servicios (id_servicio, idempleado, tipodepagoservicio, tiposervicio) values (34, 79, 'efectivo', 'guia');
insert into servicios (id_servicio, idempleado, tipodepagoservicio, tiposervicio) values (35, 45, 'efectivo', 'acompañamiento');
insert into servicios (id_servicio, idempleado, tipodepagoservicio, tiposervicio) values (36, 40, 'tarjeta', 'guardia');
insert into servicios (id_servicio, idempleado, tipodepagoservicio, tiposervicio) values (37, 30, 'bitcoin', 'a la habitacion');
insert into servicios (id_servicio, idempleado, tipodepagoservicio, tiposervicio) values (38, 10, 'efectivo', 'guardia');
insert into servicios (id_servicio, idempleado, tipodepagoservicio, tiposervicio) values (39, 11, 'tarjeta', 'guardia');
insert into servicios (id_servicio, idempleado, tipodepagoservicio, tiposervicio) values (40, 95, 'tarjeta', 'guia');
insert into servicios (id_servicio, idempleado, tipodepagoservicio, tiposervicio) values (41, 64, 'bitcoin', 'limpieza');
insert into servicios (id_servicio, idempleado, tipodepagoservicio, tiposervicio) values (42, 37, 'efectivo', 'acompañamiento');
insert into servicios (id_servicio, idempleado, tipodepagoservicio, tiposervicio) values (43, 3, 'efectivo', 'acompañamiento');
insert into servicios (id_servicio, idempleado, tipodepagoservicio, tiposervicio) values (44, 98, 'bitcoin', 'limpieza');
insert into servicios (id_servicio, idempleado, tipodepagoservicio, tiposervicio) values (45, 50, 'tarjeta', 'guia');
insert into servicios (id_servicio, idempleado, tipodepagoservicio, tiposervicio) values (46, 60, 'efectivo', 'a la habitacion');
insert into servicios (id_servicio, idempleado, tipodepagoservicio, tiposervicio) values (47, 54, 'tarjeta', 'acompañamiento');
insert into servicios (id_servicio, idempleado, tipodepagoservicio, tiposervicio) values (48, 32, 'cheque', 'guardia');
insert into servicios (id_servicio, idempleado, tipodepagoservicio, tiposervicio) values (49, 60, 'tarjeta', 'guia');
insert into servicios (id_servicio, idempleado, tipodepagoservicio, tiposervicio) values (50, 3, 'bitcoin', 'guardia');
insert into servicios (id_servicio, idempleado, tipodepagoservicio, tiposervicio) values (51, 27, 'cheque', 'guia');
insert into servicios (id_servicio, idempleado, tipodepagoservicio, tiposervicio) values (52, 5, 'cheque', 'limpieza');
insert into servicios (id_servicio, idempleado, tipodepagoservicio, tiposervicio) values (53, 18, 'cheque', 'a la habitacion');
insert into servicios (id_servicio, idempleado, tipodepagoservicio, tiposervicio) values (54, 101, 'efectivo', 'guia');
insert into servicios (id_servicio, idempleado, tipodepagoservicio, tiposervicio) values (55, 29, 'bitcoin', 'guardia');
insert into servicios (id_servicio, idempleado, tipodepagoservicio, tiposervicio) values (56, 2, 'tarjeta', 'traductor');
insert into servicios (id_servicio, idempleado, tipodepagoservicio, tiposervicio) values (57, 58, 'bitcoin', 'acompañamiento');
insert into servicios (id_servicio, idempleado, tipodepagoservicio, tiposervicio) values (58, 22, 'efectivo', 'traductor');
insert into servicios (id_servicio, idempleado, tipodepagoservicio, tiposervicio) values (59, 96, 'cheque', 'guardia');
insert into servicios (id_servicio, idempleado, tipodepagoservicio, tiposervicio) values (60, 67, 'tarjeta', 'limpieza');
insert into servicios (id_servicio, idempleado, tipodepagoservicio, tiposervicio) values (61, 45, 'tarjeta', 'guia');
insert into servicios (id_servicio, idempleado, tipodepagoservicio, tiposervicio) values (62, 91, 'efectivo', 'traductor');
insert into servicios (id_servicio, idempleado, tipodepagoservicio, tiposervicio) values (63, 53, 'bitcoin', 'a la habitacion');
insert into servicios (id_servicio, idempleado, tipodepagoservicio, tiposervicio) values (64, 65, 'tarjeta', 'acompañamiento');
insert into servicios (id_servicio, idempleado, tipodepagoservicio, tiposervicio) values (65, 44, 'cheque', 'traductor');
insert into servicios (id_servicio, idempleado, tipodepagoservicio, tiposervicio) values (66, 17, 'efectivo', 'traductor');
insert into servicios (id_servicio, idempleado, tipodepagoservicio, tiposervicio) values (67, 92, 'bitcoin', 'traductor');
insert into servicios (id_servicio, idempleado, tipodepagoservicio, tiposervicio) values (68, 37, 'bitcoin', 'guia');
insert into servicios (id_servicio, idempleado, tipodepagoservicio, tiposervicio) values (69, 5, 'tarjeta', 'traductor');
insert into servicios (id_servicio, idempleado, tipodepagoservicio, tiposervicio) values (70, 45, 'efectivo', 'guardia');
insert into servicios (id_servicio, idempleado, tipodepagoservicio, tiposervicio) values (71, 23, 'tarjeta', 'limpieza');
insert into servicios (id_servicio, idempleado, tipodepagoservicio, tiposervicio) values (72, 25, 'cheque', 'traductor');
insert into servicios (id_servicio, idempleado, tipodepagoservicio, tiposervicio) values (73, 79, 'efectivo', 'traductor');
insert into servicios (id_servicio, idempleado, tipodepagoservicio, tiposervicio) values (74, 52, 'bitcoin', 'guia');
insert into servicios (id_servicio, idempleado, tipodepagoservicio, tiposervicio) values (75, 92, 'bitcoin', 'limpieza');
insert into servicios (id_servicio, idempleado, tipodepagoservicio, tiposervicio) values (76, 27, 'tarjeta', 'limpieza');
insert into servicios (id_servicio, idempleado, tipodepagoservicio, tiposervicio) values (77, 17, 'cheque', 'guia');
insert into servicios (id_servicio, idempleado, tipodepagoservicio, tiposervicio) values (78, 92, 'efectivo', 'guia');
insert into servicios (id_servicio, idempleado, tipodepagoservicio, tiposervicio) values (79, 81, 'cheque', 'a la habitacion');
insert into servicios (id_servicio, idempleado, tipodepagoservicio, tiposervicio) values (80, 51, 'bitcoin', 'limpieza');
insert into servicios (id_servicio, idempleado, tipodepagoservicio, tiposervicio) values (81, 69, 'cheque', 'traductor');
insert into servicios (id_servicio, idempleado, tipodepagoservicio, tiposervicio) values (82, 55, 'efectivo', 'guardia');
insert into servicios (id_servicio, idempleado, tipodepagoservicio, tiposervicio) values (83, 80, 'efectivo', 'guardia');
insert into servicios (id_servicio, idempleado, tipodepagoservicio, tiposervicio) values (84, 50, 'tarjeta', 'acompañamiento');
insert into servicios (id_servicio, idempleado, tipodepagoservicio, tiposervicio) values (85, 94, 'efectivo', 'guia');
insert into servicios (id_servicio, idempleado, tipodepagoservicio, tiposervicio) values (86, 40, 'cheque', 'a la habitacion');
insert into servicios (id_servicio, idempleado, tipodepagoservicio, tiposervicio) values (87, 48, 'tarjeta', 'guardia');
insert into servicios (id_servicio, idempleado, tipodepagoservicio, tiposervicio) values (88, 47, 'cheque', 'a la habitacion');
insert into servicios (id_servicio, idempleado, tipodepagoservicio, tiposervicio) values (89, 44, 'tarjeta', 'traductor');
insert into servicios (id_servicio, idempleado, tipodepagoservicio, tiposervicio) values (90, 95, 'cheque', 'limpieza');
insert into servicios (id_servicio, idempleado, tipodepagoservicio, tiposervicio) values (91, 71, 'tarjeta', 'traductor');
insert into servicios (id_servicio, idempleado, tipodepagoservicio, tiposervicio) values (92, 99, 'tarjeta', 'acompañamiento');
insert into servicios (id_servicio, idempleado, tipodepagoservicio, tiposervicio) values (93, 41, 'tarjeta', 'guardia');
insert into servicios (id_servicio, idempleado, tipodepagoservicio, tiposervicio) values (94, 7, 'bitcoin', 'guia');
insert into servicios (id_servicio, idempleado, tipodepagoservicio, tiposervicio) values (95, 4, 'cheque', 'guardia');
insert into servicios (id_servicio, idempleado, tipodepagoservicio, tiposervicio) values (96, 82, 'tarjeta', 'guardia');
insert into servicios (id_servicio, idempleado, tipodepagoservicio, tiposervicio) values (97, 93, 'bitcoin', 'limpieza');
insert into servicios (id_servicio, idempleado, tipodepagoservicio, tiposervicio) values (98, 18, 'tarjeta', 'acompañamiento');
insert into servicios (id_servicio, idempleado, tipodepagoservicio, tiposervicio) values (99, 5, 'cheque', 'limpieza');
insert into servicios (id_servicio, idempleado, tipodepagoservicio, tiposervicio) values (100, 90, 'bitcoin', 'guia');
insert into servicios (id_servicio, idempleado, tipodepagoservicio, tiposervicio) values (101, 12, 'efectivo', 'guardia');
/*==============================================================*/
/* Table: MANTENIMIENTO                                              */
/*==============================================================*/
insert into mantenimiento (idmantenimiento, idhabitacion, idempleado, fechamantenimiento, tipomantenimiento) values (1, 20, 34, '19/04/2022', 'rutina');
insert into mantenimiento (idmantenimiento, idhabitacion, idempleado, fechamantenimiento, tipomantenimiento) values (2, 3, 80, '10/01/2022', 'emergencia');
insert into mantenimiento (idmantenimiento, idhabitacion, idempleado, fechamantenimiento, tipomantenimiento) values (3, 17, 69, '10/01/2022', 'rutina');
insert into mantenimiento (idmantenimiento, idhabitacion, idempleado, fechamantenimiento, tipomantenimiento) values (4, 27, 27, '01/04/2022', 'rutina');
insert into mantenimiento (idmantenimiento, idhabitacion, idempleado, fechamantenimiento, tipomantenimiento) values (5, 15, 101, '20/05/2022', 'rutina');
insert into mantenimiento (idmantenimiento, idhabitacion, idempleado, fechamantenimiento, tipomantenimiento) values (6, 4, 8, '07/03/2022', 'emergencia');
insert into mantenimiento (idmantenimiento, idhabitacion, idempleado, fechamantenimiento, tipomantenimiento) values (7, 2, 32, '15/05/2022', 'emergencia');
insert into mantenimiento (idmantenimiento, idhabitacion, idempleado, fechamantenimiento, tipomantenimiento) values (8, 21, 64, '01/03/2022', 'preventivo');
insert into mantenimiento (idmantenimiento, idhabitacion, idempleado, fechamantenimiento, tipomantenimiento) values (9, 3, 42, '28/02/2022', 'solicitado');
insert into mantenimiento (idmantenimiento, idhabitacion, idempleado, fechamantenimiento, tipomantenimiento) values (10, 25, 7, '06/02/2022', 'solicitado');
insert into mantenimiento (idmantenimiento, idhabitacion, idempleado, fechamantenimiento, tipomantenimiento) values (11, 2, 1, '24/03/2022', 'rutina');
insert into mantenimiento (idmantenimiento, idhabitacion, idempleado, fechamantenimiento, tipomantenimiento) values (12, 16, 30, '09/03/2022', 'preventivo');
insert into mantenimiento (idmantenimiento, idhabitacion, idempleado, fechamantenimiento, tipomantenimiento) values (13, 27, 44, '14/01/2022', 'preventivo');
insert into mantenimiento (idmantenimiento, idhabitacion, idempleado, fechamantenimiento, tipomantenimiento) values (14, 26, 16, '21/04/2022', 'preventivo');
insert into mantenimiento (idmantenimiento, idhabitacion, idempleado, fechamantenimiento, tipomantenimiento) values (15, 21, 43, '18/05/2022', 'solicitado');
insert into mantenimiento (idmantenimiento, idhabitacion, idempleado, fechamantenimiento, tipomantenimiento) values (16, 4, 22, '08/05/2022', 'preventivo');
insert into mantenimiento (idmantenimiento, idhabitacion, idempleado, fechamantenimiento, tipomantenimiento) values (17, 5, 9, '28/02/2022', 'preventivo');
insert into mantenimiento (idmantenimiento, idhabitacion, idempleado, fechamantenimiento, tipomantenimiento) values (18, 21, 55, '15/04/2022', 'rutina');
insert into mantenimiento (idmantenimiento, idhabitacion, idempleado, fechamantenimiento, tipomantenimiento) values (19, 2, 32, '28/02/2022', 'emergencia');
insert into mantenimiento (idmantenimiento, idhabitacion, idempleado, fechamantenimiento, tipomantenimiento) values (20, 14, 86, '07/05/2022', 'preventivo');
insert into mantenimiento (idmantenimiento, idhabitacion, idempleado, fechamantenimiento, tipomantenimiento) values (21, 13, 19, '12/02/2022', 'rutina');
insert into mantenimiento (idmantenimiento, idhabitacion, idempleado, fechamantenimiento, tipomantenimiento) values (22, 11, 67, '27/04/2022', 'preventivo');
insert into mantenimiento (idmantenimiento, idhabitacion, idempleado, fechamantenimiento, tipomantenimiento) values (23, 13, 45, '26/04/2022', 'rutina');
insert into mantenimiento (idmantenimiento, idhabitacion, idempleado, fechamantenimiento, tipomantenimiento) values (24, 5, 12, '08/02/2022', 'emergencia');
insert into mantenimiento (idmantenimiento, idhabitacion, idempleado, fechamantenimiento, tipomantenimiento) values (25, 25, 73, '04/03/2022', 'emergencia');
insert into mantenimiento (idmantenimiento, idhabitacion, idempleado, fechamantenimiento, tipomantenimiento) values (26, 5, 90, '22/03/2022', 'preventivo');
insert into mantenimiento (idmantenimiento, idhabitacion, idempleado, fechamantenimiento, tipomantenimiento) values (27, 26, 26, '31/01/2022', 'rutina');
insert into mantenimiento (idmantenimiento, idhabitacion, idempleado, fechamantenimiento, tipomantenimiento) values (28, 12, 95, '18/03/2022', 'solicitado');
insert into mantenimiento (idmantenimiento, idhabitacion, idempleado, fechamantenimiento, tipomantenimiento) values (29, 21, 79, '15/01/2022', 'preventivo');
insert into mantenimiento (idmantenimiento, idhabitacion, idempleado, fechamantenimiento, tipomantenimiento) values (30, 21, 32, '28/03/2022', 'emergencia');
insert into mantenimiento (idmantenimiento, idhabitacion, idempleado, fechamantenimiento, tipomantenimiento) values (31, 25, 7, '17/03/2022', 'emergencia');
insert into mantenimiento (idmantenimiento, idhabitacion, idempleado, fechamantenimiento, tipomantenimiento) values (32, 3, 52, '12/01/2022', 'emergencia');
insert into mantenimiento (idmantenimiento, idhabitacion, idempleado, fechamantenimiento, tipomantenimiento) values (33, 27, 77, '20/01/2022', 'solicitado');
insert into mantenimiento (idmantenimiento, idhabitacion, idempleado, fechamantenimiento, tipomantenimiento) values (34, 13, 21, '05/04/2022', 'rutina');
insert into mantenimiento (idmantenimiento, idhabitacion, idempleado, fechamantenimiento, tipomantenimiento) values (35, 9, 58, '21/01/2022', 'rutina');
insert into mantenimiento (idmantenimiento, idhabitacion, idempleado, fechamantenimiento, tipomantenimiento) values (36, 22, 90, '14/02/2022', 'solicitado');
insert into mantenimiento (idmantenimiento, idhabitacion, idempleado, fechamantenimiento, tipomantenimiento) values (37, 10, 83, '09/05/2022', 'rutina');
insert into mantenimiento (idmantenimiento, idhabitacion, idempleado, fechamantenimiento, tipomantenimiento) values (38, 13, 40, '26/02/2022', 'preventivo');
insert into mantenimiento (idmantenimiento, idhabitacion, idempleado, fechamantenimiento, tipomantenimiento) values (39, 13, 2, '11/03/2022', 'preventivo');
insert into mantenimiento (idmantenimiento, idhabitacion, idempleado, fechamantenimiento, tipomantenimiento) values (40, 4, 52, '01/06/2022', 'solicitado');
insert into mantenimiento (idmantenimiento, idhabitacion, idempleado, fechamantenimiento, tipomantenimiento) values (41, 24, 91, '27/04/2022', 'rutina');
insert into mantenimiento (idmantenimiento, idhabitacion, idempleado, fechamantenimiento, tipomantenimiento) values (42, 25, 96, '23/04/2022', 'rutina');
insert into mantenimiento (idmantenimiento, idhabitacion, idempleado, fechamantenimiento, tipomantenimiento) values (43, 25, 84, '23/01/2022', 'emergencia');
insert into mantenimiento (idmantenimiento, idhabitacion, idempleado, fechamantenimiento, tipomantenimiento) values (44, 16, 32, '07/04/2022', 'emergencia');
insert into mantenimiento (idmantenimiento, idhabitacion, idempleado, fechamantenimiento, tipomantenimiento) values (45, 30, 1, '13/03/2022', 'solicitado');
insert into mantenimiento (idmantenimiento, idhabitacion, idempleado, fechamantenimiento, tipomantenimiento) values (46, 9, 57, '05/01/2022', 'rutina');
insert into mantenimiento (idmantenimiento, idhabitacion, idempleado, fechamantenimiento, tipomantenimiento) values (47, 10, 83, '14/03/2022', 'solicitado');
insert into mantenimiento (idmantenimiento, idhabitacion, idempleado, fechamantenimiento, tipomantenimiento) values (48, 21, 62, '05/06/2022', 'emergencia');
insert into mantenimiento (idmantenimiento, idhabitacion, idempleado, fechamantenimiento, tipomantenimiento) values (49, 2, 28, '02/03/2022', 'preventivo');
insert into mantenimiento (idmantenimiento, idhabitacion, idempleado, fechamantenimiento, tipomantenimiento) values (50, 10, 42, '24/04/2022', 'rutina');
insert into mantenimiento (idmantenimiento, idhabitacion, idempleado, fechamantenimiento, tipomantenimiento) values (51, 17, 31, '08/02/2022', 'solicitado');
insert into mantenimiento (idmantenimiento, idhabitacion, idempleado, fechamantenimiento, tipomantenimiento) values (52, 12, 100, '16/03/2022', 'rutina');
insert into mantenimiento (idmantenimiento, idhabitacion, idempleado, fechamantenimiento, tipomantenimiento) values (53, 12, 68, '29/05/2022', 'preventivo');
insert into mantenimiento (idmantenimiento, idhabitacion, idempleado, fechamantenimiento, tipomantenimiento) values (54, 25, 44, '15/02/2022', 'solicitado');
insert into mantenimiento (idmantenimiento, idhabitacion, idempleado, fechamantenimiento, tipomantenimiento) values (55, 13, 78, '19/02/2022', 'rutina');
insert into mantenimiento (idmantenimiento, idhabitacion, idempleado, fechamantenimiento, tipomantenimiento) values (56, 25, 84, '13/02/2022', 'rutina');
insert into mantenimiento (idmantenimiento, idhabitacion, idempleado, fechamantenimiento, tipomantenimiento) values (57, 6, 46, '29/01/2022', 'preventivo');
insert into mantenimiento (idmantenimiento, idhabitacion, idempleado, fechamantenimiento, tipomantenimiento) values (58, 4, 33, '30/05/2022', 'emergencia');
insert into mantenimiento (idmantenimiento, idhabitacion, idempleado, fechamantenimiento, tipomantenimiento) values (59, 7, 64, '08/01/2022', 'emergencia');
insert into mantenimiento (idmantenimiento, idhabitacion, idempleado, fechamantenimiento, tipomantenimiento) values (60, 20, 89, '07/04/2022', 'solicitado');
insert into mantenimiento (idmantenimiento, idhabitacion, idempleado, fechamantenimiento, tipomantenimiento) values (61, 24, 89, '04/04/2022', 'preventivo');
insert into mantenimiento (idmantenimiento, idhabitacion, idempleado, fechamantenimiento, tipomantenimiento) values (62, 21, 3, '06/01/2022', 'emergencia');
insert into mantenimiento (idmantenimiento, idhabitacion, idempleado, fechamantenimiento, tipomantenimiento) values (63, 21, 98, '15/01/2022', 'preventivo');
insert into mantenimiento (idmantenimiento, idhabitacion, idempleado, fechamantenimiento, tipomantenimiento) values (64, 13, 29, '07/03/2022', 'emergencia');
insert into mantenimiento (idmantenimiento, idhabitacion, idempleado, fechamantenimiento, tipomantenimiento) values (65, 15, 1, '04/04/2022', 'emergencia');
insert into mantenimiento (idmantenimiento, idhabitacion, idempleado, fechamantenimiento, tipomantenimiento) values (66, 23, 14, '12/02/2022', 'solicitado');
insert into mantenimiento (idmantenimiento, idhabitacion, idempleado, fechamantenimiento, tipomantenimiento) values (67, 24, 73, '26/02/2022', 'preventivo');
insert into mantenimiento (idmantenimiento, idhabitacion, idempleado, fechamantenimiento, tipomantenimiento) values (68, 15, 66, '26/04/2022', 'rutina');
insert into mantenimiento (idmantenimiento, idhabitacion, idempleado, fechamantenimiento, tipomantenimiento) values (69, 25, 53, '24/05/2022', 'solicitado');
insert into mantenimiento (idmantenimiento, idhabitacion, idempleado, fechamantenimiento, tipomantenimiento) values (70, 17, 42, '26/04/2022', 'emergencia');
insert into mantenimiento (idmantenimiento, idhabitacion, idempleado, fechamantenimiento, tipomantenimiento) values (71, 15, 27, '01/03/2022', 'preventivo');
insert into mantenimiento (idmantenimiento, idhabitacion, idempleado, fechamantenimiento, tipomantenimiento) values (72, 23, 27, '01/02/2022', 'preventivo');
insert into mantenimiento (idmantenimiento, idhabitacion, idempleado, fechamantenimiento, tipomantenimiento) values (73, 22, 44, '06/02/2022', 'solicitado');
insert into mantenimiento (idmantenimiento, idhabitacion, idempleado, fechamantenimiento, tipomantenimiento) values (74, 11, 32, '16/03/2022', 'preventivo');
insert into mantenimiento (idmantenimiento, idhabitacion, idempleado, fechamantenimiento, tipomantenimiento) values (75, 2, 93, '01/03/2022', 'preventivo');
insert into mantenimiento (idmantenimiento, idhabitacion, idempleado, fechamantenimiento, tipomantenimiento) values (76, 2, 30, '11/01/2022', 'emergencia');
insert into mantenimiento (idmantenimiento, idhabitacion, idempleado, fechamantenimiento, tipomantenimiento) values (77, 30, 17, '26/05/2022', 'emergencia');
insert into mantenimiento (idmantenimiento, idhabitacion, idempleado, fechamantenimiento, tipomantenimiento) values (78, 5, 17, '15/04/2022', 'rutina');
insert into mantenimiento (idmantenimiento, idhabitacion, idempleado, fechamantenimiento, tipomantenimiento) values (79, 8, 10, '14/03/2022', 'rutina');
insert into mantenimiento (idmantenimiento, idhabitacion, idempleado, fechamantenimiento, tipomantenimiento) values (80, 15, 67, '13/02/2022', 'rutina');
insert into mantenimiento (idmantenimiento, idhabitacion, idempleado, fechamantenimiento, tipomantenimiento) values (81, 10, 38, '28/03/2022', 'emergencia');
insert into mantenimiento (idmantenimiento, idhabitacion, idempleado, fechamantenimiento, tipomantenimiento) values (82, 25, 45, '15/03/2022', 'solicitado');
insert into mantenimiento (idmantenimiento, idhabitacion, idempleado, fechamantenimiento, tipomantenimiento) values (83, 10, 24, '11/01/2022', 'emergencia');
insert into mantenimiento (idmantenimiento, idhabitacion, idempleado, fechamantenimiento, tipomantenimiento) values (84, 13, 3, '12/01/2022', 'rutina');
insert into mantenimiento (idmantenimiento, idhabitacion, idempleado, fechamantenimiento, tipomantenimiento) values (85, 29, 4, '24/01/2022', 'solicitado');
insert into mantenimiento (idmantenimiento, idhabitacion, idempleado, fechamantenimiento, tipomantenimiento) values (86, 5, 7, '09/04/2022', 'rutina');
insert into mantenimiento (idmantenimiento, idhabitacion, idempleado, fechamantenimiento, tipomantenimiento) values (87, 10, 38, '20/05/2022', 'rutina');
insert into mantenimiento (idmantenimiento, idhabitacion, idempleado, fechamantenimiento, tipomantenimiento) values (88, 29, 17, '19/05/2022', 'rutina');
insert into mantenimiento (idmantenimiento, idhabitacion, idempleado, fechamantenimiento, tipomantenimiento) values (89, 30, 80, '28/02/2022', 'emergencia');
insert into mantenimiento (idmantenimiento, idhabitacion, idempleado, fechamantenimiento, tipomantenimiento) values (90, 23, 46, '28/04/2022', 'rutina');
insert into mantenimiento (idmantenimiento, idhabitacion, idempleado, fechamantenimiento, tipomantenimiento) values (91, 11, 32, '22/03/2022', 'solicitado');
insert into mantenimiento (idmantenimiento, idhabitacion, idempleado, fechamantenimiento, tipomantenimiento) values (92, 2, 55, '03/05/2022', 'rutina');
insert into mantenimiento (idmantenimiento, idhabitacion, idempleado, fechamantenimiento, tipomantenimiento) values (93, 20, 96, '08/02/2022', 'preventivo');
insert into mantenimiento (idmantenimiento, idhabitacion, idempleado, fechamantenimiento, tipomantenimiento) values (94, 27, 13, '29/03/2022', 'preventivo');
insert into mantenimiento (idmantenimiento, idhabitacion, idempleado, fechamantenimiento, tipomantenimiento) values (95, 6, 50, '12/05/2022', 'preventivo');
insert into mantenimiento (idmantenimiento, idhabitacion, idempleado, fechamantenimiento, tipomantenimiento) values (96, 24, 17, '14/05/2022', 'preventivo');
insert into mantenimiento (idmantenimiento, idhabitacion, idempleado, fechamantenimiento, tipomantenimiento) values (97, 17, 82, '22/03/2022', 'preventivo');
insert into mantenimiento (idmantenimiento, idhabitacion, idempleado, fechamantenimiento, tipomantenimiento) values (98, 27, 31, '07/01/2022', 'preventivo');
insert into mantenimiento (idmantenimiento, idhabitacion, idempleado, fechamantenimiento, tipomantenimiento) values (99, 29, 36, '24/02/2022', 'rutina');
insert into mantenimiento (idmantenimiento, idhabitacion, idempleado, fechamantenimiento, tipomantenimiento) values (100, 15, 14, '10/04/2022', 'preventivo');
insert into mantenimiento (idmantenimiento, idhabitacion, idempleado, fechamantenimiento, tipomantenimiento) values (101, 16, 78, '09/01/2022', 'preventivo');
insert into mantenimiento (idmantenimiento, idhabitacion, idempleado, fechamantenimiento, tipomantenimiento) values (102, 5, 3, '27/03/2022', 'solicitado');
insert into mantenimiento (idmantenimiento, idhabitacion, idempleado, fechamantenimiento, tipomantenimiento) values (103, 14, 91, '27/02/2022', 'preventivo');
insert into mantenimiento (idmantenimiento, idhabitacion, idempleado, fechamantenimiento, tipomantenimiento) values (104, 9, 21, '25/04/2022', 'solicitado');
insert into mantenimiento (idmantenimiento, idhabitacion, idempleado, fechamantenimiento, tipomantenimiento) values (105, 14, 7, '03/01/2022', 'solicitado');
insert into mantenimiento (idmantenimiento, idhabitacion, idempleado, fechamantenimiento, tipomantenimiento) values (106, 10, 38, '19/03/2022', 'rutina');
insert into mantenimiento (idmantenimiento, idhabitacion, idempleado, fechamantenimiento, tipomantenimiento) values (107, 20, 83, '29/03/2022', 'solicitado');
insert into mantenimiento (idmantenimiento, idhabitacion, idempleado, fechamantenimiento, tipomantenimiento) values (108, 9, 75, '24/01/2022', 'solicitado');
insert into mantenimiento (idmantenimiento, idhabitacion, idempleado, fechamantenimiento, tipomantenimiento) values (109, 5, 50, '13/01/2022', 'solicitado');
insert into mantenimiento (idmantenimiento, idhabitacion, idempleado, fechamantenimiento, tipomantenimiento) values (110, 5, 101, '23/01/2022', 'preventivo');
insert into mantenimiento (idmantenimiento, idhabitacion, idempleado, fechamantenimiento, tipomantenimiento) values (111, 12, 63, '19/02/2022', 'emergencia');
insert into mantenimiento (idmantenimiento, idhabitacion, idempleado, fechamantenimiento, tipomantenimiento) values (112, 13, 81, '21/01/2022', 'solicitado');
insert into mantenimiento (idmantenimiento, idhabitacion, idempleado, fechamantenimiento, tipomantenimiento) values (113, 10, 25, '23/02/2022', 'emergencia');
insert into mantenimiento (idmantenimiento, idhabitacion, idempleado, fechamantenimiento, tipomantenimiento) values (114, 9, 4, '03/03/2022', 'preventivo');
insert into mantenimiento (idmantenimiento, idhabitacion, idempleado, fechamantenimiento, tipomantenimiento) values (115, 21, 80, '03/01/2022', 'preventivo');
insert into mantenimiento (idmantenimiento, idhabitacion, idempleado, fechamantenimiento, tipomantenimiento) values (116, 21, 82, '12/05/2022', 'emergencia');
insert into mantenimiento (idmantenimiento, idhabitacion, idempleado, fechamantenimiento, tipomantenimiento) values (117, 25, 9, '12/04/2022', 'emergencia');
insert into mantenimiento (idmantenimiento, idhabitacion, idempleado, fechamantenimiento, tipomantenimiento) values (118, 13, 30, '10/05/2022', 'preventivo');
insert into mantenimiento (idmantenimiento, idhabitacion, idempleado, fechamantenimiento, tipomantenimiento) values (119, 17, 77, '19/05/2022', 'rutina');
insert into mantenimiento (idmantenimiento, idhabitacion, idempleado, fechamantenimiento, tipomantenimiento) values (120, 16, 27, '12/05/2022', 'preventivo');
insert into mantenimiento (idmantenimiento, idhabitacion, idempleado, fechamantenimiento, tipomantenimiento) values (121, 15, 66, '11/04/2022', 'rutina');
insert into mantenimiento (idmantenimiento, idhabitacion, idempleado, fechamantenimiento, tipomantenimiento) values (122, 12, 63, '04/02/2022', 'rutina');
insert into mantenimiento (idmantenimiento, idhabitacion, idempleado, fechamantenimiento, tipomantenimiento) values (123, 15, 80, '21/02/2022', 'rutina');
insert into mantenimiento (idmantenimiento, idhabitacion, idempleado, fechamantenimiento, tipomantenimiento) values (124, 2, 47, '30/04/2022', 'preventivo');
insert into mantenimiento (idmantenimiento, idhabitacion, idempleado, fechamantenimiento, tipomantenimiento) values (125, 18, 51, '28/04/2022', 'emergencia');
insert into mantenimiento (idmantenimiento, idhabitacion, idempleado, fechamantenimiento, tipomantenimiento) values (126, 21, 87, '08/05/2022', 'solicitado');
insert into mantenimiento (idmantenimiento, idhabitacion, idempleado, fechamantenimiento, tipomantenimiento) values (127, 17, 94, '12/03/2022', 'solicitado');
insert into mantenimiento (idmantenimiento, idhabitacion, idempleado, fechamantenimiento, tipomantenimiento) values (128, 21, 23, '02/02/2022', 'solicitado');
insert into mantenimiento (idmantenimiento, idhabitacion, idempleado, fechamantenimiento, tipomantenimiento) values (129, 5, 101, '18/03/2022', 'emergencia');
insert into mantenimiento (idmantenimiento, idhabitacion, idempleado, fechamantenimiento, tipomantenimiento) values (130, 11, 5, '27/03/2022', 'emergencia');
insert into mantenimiento (idmantenimiento, idhabitacion, idempleado, fechamantenimiento, tipomantenimiento) values (131, 9, 65, '17/05/2022', 'solicitado');
insert into mantenimiento (idmantenimiento, idhabitacion, idempleado, fechamantenimiento, tipomantenimiento) values (132, 27, 30, '23/04/2022', 'solicitado');
insert into mantenimiento (idmantenimiento, idhabitacion, idempleado, fechamantenimiento, tipomantenimiento) values (133, 11, 19, '25/05/2022', 'emergencia');
insert into mantenimiento (idmantenimiento, idhabitacion, idempleado, fechamantenimiento, tipomantenimiento) values (134, 26, 7, '27/03/2022', 'emergencia');
insert into mantenimiento (idmantenimiento, idhabitacion, idempleado, fechamantenimiento, tipomantenimiento) values (135, 15, 74, '29/04/2022', 'preventivo');
insert into mantenimiento (idmantenimiento, idhabitacion, idempleado, fechamantenimiento, tipomantenimiento) values (136, 11, 38, '19/05/2022', 'emergencia');
insert into mantenimiento (idmantenimiento, idhabitacion, idempleado, fechamantenimiento, tipomantenimiento) values (137, 7, 18, '07/03/2022', 'solicitado');
insert into mantenimiento (idmantenimiento, idhabitacion, idempleado, fechamantenimiento, tipomantenimiento) values (138, 23, 32, '23/05/2022', 'solicitado');
insert into mantenimiento (idmantenimiento, idhabitacion, idempleado, fechamantenimiento, tipomantenimiento) values (139, 19, 53, '04/01/2022', 'solicitado');
insert into mantenimiento (idmantenimiento, idhabitacion, idempleado, fechamantenimiento, tipomantenimiento) values (140, 12, 11, '10/01/2022', 'rutina');
insert into mantenimiento (idmantenimiento, idhabitacion, idempleado, fechamantenimiento, tipomantenimiento) values (141, 4, 45, '05/06/2022', 'rutina');
insert into mantenimiento (idmantenimiento, idhabitacion, idempleado, fechamantenimiento, tipomantenimiento) values (142, 11, 80, '29/05/2022', 'emergencia');
insert into mantenimiento (idmantenimiento, idhabitacion, idempleado, fechamantenimiento, tipomantenimiento) values (143, 22, 17, '06/06/2022', 'rutina');
insert into mantenimiento (idmantenimiento, idhabitacion, idempleado, fechamantenimiento, tipomantenimiento) values (144, 23, 48, '19/02/2022', 'solicitado');
insert into mantenimiento (idmantenimiento, idhabitacion, idempleado, fechamantenimiento, tipomantenimiento) values (145, 25, 32, '06/03/2022', 'preventivo');
insert into mantenimiento (idmantenimiento, idhabitacion, idempleado, fechamantenimiento, tipomantenimiento) values (146, 29, 76, '20/02/2022', 'solicitado');
insert into mantenimiento (idmantenimiento, idhabitacion, idempleado, fechamantenimiento, tipomantenimiento) values (147, 28, 4, '11/04/2022', 'solicitado');
insert into mantenimiento (idmantenimiento, idhabitacion, idempleado, fechamantenimiento, tipomantenimiento) values (148, 1, 59, '02/05/2022', 'preventivo');
insert into mantenimiento (idmantenimiento, idhabitacion, idempleado, fechamantenimiento, tipomantenimiento) values (149, 28, 35, '03/02/2022', 'rutina');
insert into mantenimiento (idmantenimiento, idhabitacion, idempleado, fechamantenimiento, tipomantenimiento) values (150, 4, 55, '05/06/2022', 'emergencia');
insert into mantenimiento (idmantenimiento, idhabitacion, idempleado, fechamantenimiento, tipomantenimiento) values (151, 2, 61, '19/04/2022', 'solicitado');
insert into mantenimiento (idmantenimiento, idhabitacion, idempleado, fechamantenimiento, tipomantenimiento) values (152, 3, 11, '31/01/2022', 'rutina');
insert into mantenimiento (idmantenimiento, idhabitacion, idempleado, fechamantenimiento, tipomantenimiento) values (153, 21, 97, '06/01/2022', 'solicitado');
insert into mantenimiento (idmantenimiento, idhabitacion, idempleado, fechamantenimiento, tipomantenimiento) values (154, 5, 69, '04/06/2022', 'preventivo');
insert into mantenimiento (idmantenimiento, idhabitacion, idempleado, fechamantenimiento, tipomantenimiento) values (155, 29, 57, '24/03/2022', 'solicitado');
insert into mantenimiento (idmantenimiento, idhabitacion, idempleado, fechamantenimiento, tipomantenimiento) values (156, 7, 46, '06/02/2022', 'solicitado');
insert into mantenimiento (idmantenimiento, idhabitacion, idempleado, fechamantenimiento, tipomantenimiento) values (157, 26, 59, '26/05/2022', 'solicitado');
insert into mantenimiento (idmantenimiento, idhabitacion, idempleado, fechamantenimiento, tipomantenimiento) values (158, 19, 10, '03/05/2022', 'solicitado');
insert into mantenimiento (idmantenimiento, idhabitacion, idempleado, fechamantenimiento, tipomantenimiento) values (159, 19, 3, '25/04/2022', 'solicitado');
insert into mantenimiento (idmantenimiento, idhabitacion, idempleado, fechamantenimiento, tipomantenimiento) values (160, 11, 25, '02/03/2022', 'solicitado');
insert into mantenimiento (idmantenimiento, idhabitacion, idempleado, fechamantenimiento, tipomantenimiento) values (161, 30, 59, '09/02/2022', 'solicitado');
insert into mantenimiento (idmantenimiento, idhabitacion, idempleado, fechamantenimiento, tipomantenimiento) values (162, 9, 4, '01/05/2022', 'rutina');
insert into mantenimiento (idmantenimiento, idhabitacion, idempleado, fechamantenimiento, tipomantenimiento) values (163, 5, 49, '28/03/2022', 'solicitado');
insert into mantenimiento (idmantenimiento, idhabitacion, idempleado, fechamantenimiento, tipomantenimiento) values (164, 27, 90, '22/02/2022', 'rutina');
insert into mantenimiento (idmantenimiento, idhabitacion, idempleado, fechamantenimiento, tipomantenimiento) values (165, 20, 92, '13/01/2022', 'solicitado');
insert into mantenimiento (idmantenimiento, idhabitacion, idempleado, fechamantenimiento, tipomantenimiento) values (166, 12, 95, '20/01/2022', 'preventivo');
insert into mantenimiento (idmantenimiento, idhabitacion, idempleado, fechamantenimiento, tipomantenimiento) values (167, 7, 49, '26/03/2022', 'solicitado');
insert into mantenimiento (idmantenimiento, idhabitacion, idempleado, fechamantenimiento, tipomantenimiento) values (168, 29, 99, '13/04/2022', 'preventivo');
insert into mantenimiento (idmantenimiento, idhabitacion, idempleado, fechamantenimiento, tipomantenimiento) values (169, 16, 35, '27/02/2022', 'solicitado');
insert into mantenimiento (idmantenimiento, idhabitacion, idempleado, fechamantenimiento, tipomantenimiento) values (170, 16, 62, '30/05/2022', 'rutina');
insert into mantenimiento (idmantenimiento, idhabitacion, idempleado, fechamantenimiento, tipomantenimiento) values (171, 4, 82, '24/03/2022', 'preventivo');
insert into mantenimiento (idmantenimiento, idhabitacion, idempleado, fechamantenimiento, tipomantenimiento) values (172, 22, 20, '10/02/2022', 'solicitado');
insert into mantenimiento (idmantenimiento, idhabitacion, idempleado, fechamantenimiento, tipomantenimiento) values (173, 21, 16, '10/02/2022', 'solicitado');
insert into mantenimiento (idmantenimiento, idhabitacion, idempleado, fechamantenimiento, tipomantenimiento) values (174, 17, 98, '04/05/2022', 'emergencia');
insert into mantenimiento (idmantenimiento, idhabitacion, idempleado, fechamantenimiento, tipomantenimiento) values (175, 9, 56, '22/03/2022', 'emergencia');
insert into mantenimiento (idmantenimiento, idhabitacion, idempleado, fechamantenimiento, tipomantenimiento) values (176, 29, 91, '16/04/2022', 'preventivo');
insert into mantenimiento (idmantenimiento, idhabitacion, idempleado, fechamantenimiento, tipomantenimiento) values (177, 6, 11, '13/02/2022', 'rutina');
insert into mantenimiento (idmantenimiento, idhabitacion, idempleado, fechamantenimiento, tipomantenimiento) values (178, 26, 88, '31/03/2022', 'solicitado');
insert into mantenimiento (idmantenimiento, idhabitacion, idempleado, fechamantenimiento, tipomantenimiento) values (179, 23, 14, '28/01/2022', 'preventivo');
insert into mantenimiento (idmantenimiento, idhabitacion, idempleado, fechamantenimiento, tipomantenimiento) values (180, 7, 68, '08/03/2022', 'solicitado');
insert into mantenimiento (idmantenimiento, idhabitacion, idempleado, fechamantenimiento, tipomantenimiento) values (181, 14, 34, '27/03/2022', 'rutina');
insert into mantenimiento (idmantenimiento, idhabitacion, idempleado, fechamantenimiento, tipomantenimiento) values (182, 22, 57, '22/02/2022', 'emergencia');
insert into mantenimiento (idmantenimiento, idhabitacion, idempleado, fechamantenimiento, tipomantenimiento) values (183, 26, 79, '06/03/2022', 'solicitado');
insert into mantenimiento (idmantenimiento, idhabitacion, idempleado, fechamantenimiento, tipomantenimiento) values (184, 3, 57, '02/03/2022', 'rutina');
insert into mantenimiento (idmantenimiento, idhabitacion, idempleado, fechamantenimiento, tipomantenimiento) values (185, 4, 101, '14/05/2022', 'preventivo');
insert into mantenimiento (idmantenimiento, idhabitacion, idempleado, fechamantenimiento, tipomantenimiento) values (186, 7, 59, '16/03/2022', 'preventivo');
insert into mantenimiento (idmantenimiento, idhabitacion, idempleado, fechamantenimiento, tipomantenimiento) values (187, 2, 79, '08/03/2022', 'preventivo');
insert into mantenimiento (idmantenimiento, idhabitacion, idempleado, fechamantenimiento, tipomantenimiento) values (188, 13, 50, '22/05/2022', 'preventivo');
insert into mantenimiento (idmantenimiento, idhabitacion, idempleado, fechamantenimiento, tipomantenimiento) values (189, 28, 23, '08/05/2022', 'emergencia');
insert into mantenimiento (idmantenimiento, idhabitacion, idempleado, fechamantenimiento, tipomantenimiento) values (190, 26, 101, '16/02/2022', 'preventivo');
insert into mantenimiento (idmantenimiento, idhabitacion, idempleado, fechamantenimiento, tipomantenimiento) values (191, 23, 77, '25/03/2022', 'rutina');
insert into mantenimiento (idmantenimiento, idhabitacion, idempleado, fechamantenimiento, tipomantenimiento) values (192, 2, 54, '05/05/2022', 'preventivo');
insert into mantenimiento (idmantenimiento, idhabitacion, idempleado, fechamantenimiento, tipomantenimiento) values (193, 7, 7, '22/04/2022', 'rutina');
insert into mantenimiento (idmantenimiento, idhabitacion, idempleado, fechamantenimiento, tipomantenimiento) values (194, 25, 2, '18/02/2022', 'rutina');
insert into mantenimiento (idmantenimiento, idhabitacion, idempleado, fechamantenimiento, tipomantenimiento) values (195, 4, 22, '21/03/2022', 'solicitado');
insert into mantenimiento (idmantenimiento, idhabitacion, idempleado, fechamantenimiento, tipomantenimiento) values (196, 5, 66, '20/05/2022', 'emergencia');
insert into mantenimiento (idmantenimiento, idhabitacion, idempleado, fechamantenimiento, tipomantenimiento) values (197, 26, 81, '24/02/2022', 'rutina');
insert into mantenimiento (idmantenimiento, idhabitacion, idempleado, fechamantenimiento, tipomantenimiento) values (198, 17, 44, '22/01/2022', 'preventivo');
insert into mantenimiento (idmantenimiento, idhabitacion, idempleado, fechamantenimiento, tipomantenimiento) values (199, 23, 68, '08/04/2022', 'emergencia');
insert into mantenimiento (idmantenimiento, idhabitacion, idempleado, fechamantenimiento, tipomantenimiento) values (200, 27, 54, '23/03/2022', 'solicitado');
insert into mantenimiento (idmantenimiento, idhabitacion, idempleado, fechamantenimiento, tipomantenimiento) values (201, 22, 86, '20/02/2022', 'emergencia');
insert into mantenimiento (idmantenimiento, idhabitacion, idempleado, fechamantenimiento, tipomantenimiento) values (202, 9, 71, '02/02/2022', 'preventivo');
/*==============================================================*/
/* Table: FACTURA                                              */
/*==============================================================*/
insert into factura (idfactura, idhuesped, tipofactura, subtotal, iva, valortotal, fechafactura) values (1, 84, 'unica', 94, 11.28, 105.28, '31/01/2022');
insert into factura (idfactura, idhuesped, tipofactura, subtotal, iva, valortotal, fechafactura) values (2, 51, 'unica', 193, 23.16, 216.16, '11/05/2022');
insert into factura (idfactura, idhuesped, tipofactura, subtotal, iva, valortotal, fechafactura) values (3, 53, 'grupal', 190, 22.8, 212.8, '02/04/2022');
insert into factura (idfactura, idhuesped, tipofactura, subtotal, iva, valortotal, fechafactura) values (4, 52, 'grupal', 85, 10.2, 95.2, '22/03/2022');
insert into factura (idfactura, idhuesped, tipofactura, subtotal, iva, valortotal, fechafactura) values (5, 10, 'grupal', 61, 7.32, 68.32, '19/03/2022');
insert into factura (idfactura, idhuesped, tipofactura, subtotal, iva, valortotal, fechafactura) values (6, 42, 'anulada', 197, 23.64, 220.64, '07/02/2022');
insert into factura (idfactura, idhuesped, tipofactura, subtotal, iva, valortotal, fechafactura) values (7, 43, 'anulada', 278, 33.36, 311.36, '02/06/2022');
insert into factura (idfactura, idhuesped, tipofactura, subtotal, iva, valortotal, fechafactura) values (8, 73, 'unica', 282, 33.84, 315.84, '05/02/2022');
insert into factura (idfactura, idhuesped, tipofactura, subtotal, iva, valortotal, fechafactura) values (9, 68, 'unica', 79, 9.48, 88.48, '10/04/2022');
insert into factura (idfactura, idhuesped, tipofactura, subtotal, iva, valortotal, fechafactura) values (10, 65, 'anulada', 302, 36.24, 338.24, '29/01/2022');
insert into factura (idfactura, idhuesped, tipofactura, subtotal, iva, valortotal, fechafactura) values (11, 80, 'unica', 307, 36.84, 343.84, '15/05/2022');
insert into factura (idfactura, idhuesped, tipofactura, subtotal, iva, valortotal, fechafactura) values (12, 58, 'grupal', 347, 41.64, 388.64, '19/04/2022');
insert into factura (idfactura, idhuesped, tipofactura, subtotal, iva, valortotal, fechafactura) values (13, 26, 'anulada', 90, 10.8, 100.8, '04/02/2022');
insert into factura (idfactura, idhuesped, tipofactura, subtotal, iva, valortotal, fechafactura) values (14, 1, 'unica', 254, 30.48, 284.48, '21/01/2022');
insert into factura (idfactura, idhuesped, tipofactura, subtotal, iva, valortotal, fechafactura) values (15, 2, 'unica', 191, 22.92, 213.92, '01/04/2022');
insert into factura (idfactura, idhuesped, tipofactura, subtotal, iva, valortotal, fechafactura) values (16, 71, 'grupal', 260, 31.2, 291.2, '23/05/2022');
insert into factura (idfactura, idhuesped, tipofactura, subtotal, iva, valortotal, fechafactura) values (17, 31, 'anulada', 340, 40.8, 380.8, '27/05/2022');
insert into factura (idfactura, idhuesped, tipofactura, subtotal, iva, valortotal, fechafactura) values (18, 94, 'grupal', 124, 14.88, 138.88, '04/03/2022');
insert into factura (idfactura, idhuesped, tipofactura, subtotal, iva, valortotal, fechafactura) values (19, 82, 'grupal', 302, 36.24, 338.24, '09/05/2022');
insert into factura (idfactura, idhuesped, tipofactura, subtotal, iva, valortotal, fechafactura) values (20, 21, 'anulada', 242, 29.04, 271.04, '05/05/2022');
insert into factura (idfactura, idhuesped, tipofactura, subtotal, iva, valortotal, fechafactura) values (21, 24, 'grupal', 293, 35.16, 328.16, '07/06/2022');
insert into factura (idfactura, idhuesped, tipofactura, subtotal, iva, valortotal, fechafactura) values (22, 26, 'grupal', 118, 14.16, 132.16, '03/02/2022');
insert into factura (idfactura, idhuesped, tipofactura, subtotal, iva, valortotal, fechafactura) values (23, 36, 'grupal', 63, 7.56, 70.56, '26/02/2022');
insert into factura (idfactura, idhuesped, tipofactura, subtotal, iva, valortotal, fechafactura) values (24, 57, 'anulada', 306, 36.72, 342.72, '20/02/2022');
insert into factura (idfactura, idhuesped, tipofactura, subtotal, iva, valortotal, fechafactura) values (25, 22, 'anulada', 50, 6, 56, '07/02/2022');
insert into factura (idfactura, idhuesped, tipofactura, subtotal, iva, valortotal, fechafactura) values (26, 8, 'anulada', 94, 11.28, 105.28, '13/03/2022');
insert into factura (idfactura, idhuesped, tipofactura, subtotal, iva, valortotal, fechafactura) values (27, 13, 'grupal', 24, 2.88, 26.88, '20/03/2022');
insert into factura (idfactura, idhuesped, tipofactura, subtotal, iva, valortotal, fechafactura) values (28, 45, 'unica', 318, 38.16, 356.16, '01/03/2022');
insert into factura (idfactura, idhuesped, tipofactura, subtotal, iva, valortotal, fechafactura) values (29, 36, 'unica', 350, 42, 392, '07/04/2022');
insert into factura (idfactura, idhuesped, tipofactura, subtotal, iva, valortotal, fechafactura) values (30, 88, 'unica', 61, 7.32, 68.32, '25/01/2022');
insert into factura (idfactura, idhuesped, tipofactura, subtotal, iva, valortotal, fechafactura) values (31, 1, 'grupal', 311, 37.32, 348.32, '24/04/2022');
insert into factura (idfactura, idhuesped, tipofactura, subtotal, iva, valortotal, fechafactura) values (32, 75, 'grupal', 124, 14.88, 138.88, '07/02/2022');
insert into factura (idfactura, idhuesped, tipofactura, subtotal, iva, valortotal, fechafactura) values (33, 86, 'grupal', 93, 11.16, 104.16, '24/01/2022');
insert into factura (idfactura, idhuesped, tipofactura, subtotal, iva, valortotal, fechafactura) values (34, 7, 'anulada', 167, 20.04, 187.04, '03/02/2022');
insert into factura (idfactura, idhuesped, tipofactura, subtotal, iva, valortotal, fechafactura) values (35, 8, 'anulada', 269, 32.28, 301.28, '07/04/2022');
insert into factura (idfactura, idhuesped, tipofactura, subtotal, iva, valortotal, fechafactura) values (36, 56, 'unica', 344, 41.28, 385.28, '14/04/2022');
insert into factura (idfactura, idhuesped, tipofactura, subtotal, iva, valortotal, fechafactura) values (37, 6, 'unica', 232, 27.84, 259.84, '27/04/2022');
insert into factura (idfactura, idhuesped, tipofactura, subtotal, iva, valortotal, fechafactura) values (38, 92, 'grupal', 109, 13.08, 122.08, '17/01/2022');
insert into factura (idfactura, idhuesped, tipofactura, subtotal, iva, valortotal, fechafactura) values (39, 85, 'grupal', 182, 21.84, 203.84, '10/05/2022');
insert into factura (idfactura, idhuesped, tipofactura, subtotal, iva, valortotal, fechafactura) values (40, 75, 'unica', 28, 3.36, 31.36, '15/05/2022');
insert into factura (idfactura, idhuesped, tipofactura, subtotal, iva, valortotal, fechafactura) values (41, 76, 'anulada', 296, 35.52, 331.52, '16/03/2022');
insert into factura (idfactura, idhuesped, tipofactura, subtotal, iva, valortotal, fechafactura) values (42, 22, 'unica', 45, 5.4, 50.4, '11/05/2022');
insert into factura (idfactura, idhuesped, tipofactura, subtotal, iva, valortotal, fechafactura) values (43, 83, 'unica', 33, 3.96, 36.96, '17/01/2022');
insert into factura (idfactura, idhuesped, tipofactura, subtotal, iva, valortotal, fechafactura) values (44, 94, 'anulada', 94, 11.28, 105.28, '21/02/2022');
insert into factura (idfactura, idhuesped, tipofactura, subtotal, iva, valortotal, fechafactura) values (45, 68, 'grupal', 132, 15.84, 147.84, '13/03/2022');
insert into factura (idfactura, idhuesped, tipofactura, subtotal, iva, valortotal, fechafactura) values (46, 53, 'grupal', 143, 17.16, 160.16, '05/02/2022');
insert into factura (idfactura, idhuesped, tipofactura, subtotal, iva, valortotal, fechafactura) values (47, 87, 'anulada', 206, 24.72, 230.72, '25/01/2022');
insert into factura (idfactura, idhuesped, tipofactura, subtotal, iva, valortotal, fechafactura) values (48, 42, 'anulada', 101, 12.12, 113.12, '20/01/2022');
insert into factura (idfactura, idhuesped, tipofactura, subtotal, iva, valortotal, fechafactura) values (49, 31, 'grupal', 162, 19.44, 181.44, '06/02/2022');
insert into factura (idfactura, idhuesped, tipofactura, subtotal, iva, valortotal, fechafactura) values (50, 21, 'anulada', 127, 15.24, 142.24, '07/03/2022');
insert into factura (idfactura, idhuesped, tipofactura, subtotal, iva, valortotal, fechafactura) values (51, 60, 'grupal', 195, 23.4, 218.4, '16/04/2022');
insert into factura (idfactura, idhuesped, tipofactura, subtotal, iva, valortotal, fechafactura) values (52, 78, 'grupal', 135, 16.2, 151.2, '05/02/2022');
insert into factura (idfactura, idhuesped, tipofactura, subtotal, iva, valortotal, fechafactura) values (53, 14, 'anulada', 333, 39.96, 372.96, '09/04/2022');
insert into factura (idfactura, idhuesped, tipofactura, subtotal, iva, valortotal, fechafactura) values (54, 52, 'grupal', 155, 18.6, 173.6, '17/04/2022');
insert into factura (idfactura, idhuesped, tipofactura, subtotal, iva, valortotal, fechafactura) values (55, 51, 'grupal', 241, 28.92, 269.92, '06/02/2022');
insert into factura (idfactura, idhuesped, tipofactura, subtotal, iva, valortotal, fechafactura) values (56, 91, 'unica', 70, 8.4, 78.4, '02/05/2022');
insert into factura (idfactura, idhuesped, tipofactura, subtotal, iva, valortotal, fechafactura) values (57, 45, 'anulada', 120, 14.4, 134.4, '20/05/2022');
insert into factura (idfactura, idhuesped, tipofactura, subtotal, iva, valortotal, fechafactura) values (58, 8, 'anulada', 36, 4.32, 40.32, '07/02/2022');
insert into factura (idfactura, idhuesped, tipofactura, subtotal, iva, valortotal, fechafactura) values (59, 27, 'unica', 166, 19.92, 185.92, '07/04/2022');
insert into factura (idfactura, idhuesped, tipofactura, subtotal, iva, valortotal, fechafactura) values (60, 60, 'unica', 181, 21.72, 202.72, '06/01/2022');
insert into factura (idfactura, idhuesped, tipofactura, subtotal, iva, valortotal, fechafactura) values (61, 50, 'grupal', 307, 36.84, 343.84, '23/01/2022');
insert into factura (idfactura, idhuesped, tipofactura, subtotal, iva, valortotal, fechafactura) values (62, 30, 'unica', 66, 7.92, 73.92, '05/02/2022');
insert into factura (idfactura, idhuesped, tipofactura, subtotal, iva, valortotal, fechafactura) values (63, 27, 'anulada', 36, 4.32, 40.32, '05/01/2022');
insert into factura (idfactura, idhuesped, tipofactura, subtotal, iva, valortotal, fechafactura) values (64, 62, 'grupal', 184, 22.08, 206.08, '23/03/2022');
insert into factura (idfactura, idhuesped, tipofactura, subtotal, iva, valortotal, fechafactura) values (65, 85, 'anulada', 195, 23.4, 218.4, '05/04/2022');
insert into factura (idfactura, idhuesped, tipofactura, subtotal, iva, valortotal, fechafactura) values (66, 64, 'grupal', 87, 10.44, 97.44, '02/02/2022');
insert into factura (idfactura, idhuesped, tipofactura, subtotal, iva, valortotal, fechafactura) values (67, 60, 'grupal', 68, 8.16, 76.16, '24/03/2022');
insert into factura (idfactura, idhuesped, tipofactura, subtotal, iva, valortotal, fechafactura) values (68, 101, 'unica', 342, 41.04, 383.04, '24/05/2022');
insert into factura (idfactura, idhuesped, tipofactura, subtotal, iva, valortotal, fechafactura) values (69, 72, 'anulada', 66, 7.92, 73.92, '14/02/2022');
insert into factura (idfactura, idhuesped, tipofactura, subtotal, iva, valortotal, fechafactura) values (70, 90, 'anulada', 65, 7.8, 72.8, '02/04/2022');
insert into factura (idfactura, idhuesped, tipofactura, subtotal, iva, valortotal, fechafactura) values (71, 84, 'anulada', 108, 12.96, 120.96, '03/01/2022');
insert into factura (idfactura, idhuesped, tipofactura, subtotal, iva, valortotal, fechafactura) values (72, 90, 'grupal', 258, 30.96, 288.96, '23/03/2022');
insert into factura (idfactura, idhuesped, tipofactura, subtotal, iva, valortotal, fechafactura) values (73, 2, 'anulada', 326, 39.12, 365.12, '01/02/2022');
insert into factura (idfactura, idhuesped, tipofactura, subtotal, iva, valortotal, fechafactura) values (74, 101, 'unica', 96, 11.52, 107.52, '24/04/2022');
insert into factura (idfactura, idhuesped, tipofactura, subtotal, iva, valortotal, fechafactura) values (75, 90, 'anulada', 151, 18.12, 169.12, '10/04/2022');
insert into factura (idfactura, idhuesped, tipofactura, subtotal, iva, valortotal, fechafactura) values (76, 18, 'unica', 165, 19.8, 184.8, '22/04/2022');
insert into factura (idfactura, idhuesped, tipofactura, subtotal, iva, valortotal, fechafactura) values (77, 72, 'grupal', 226, 27.12, 253.12, '30/03/2022');
insert into factura (idfactura, idhuesped, tipofactura, subtotal, iva, valortotal, fechafactura) values (78, 72, 'unica', 304, 36.48, 340.48, '13/01/2022');
insert into factura (idfactura, idhuesped, tipofactura, subtotal, iva, valortotal, fechafactura) values (79, 46, 'anulada', 56, 6.72, 62.72, '26/04/2022');
insert into factura (idfactura, idhuesped, tipofactura, subtotal, iva, valortotal, fechafactura) values (80, 29, 'unica', 271, 32.52, 303.52, '11/03/2022');
insert into factura (idfactura, idhuesped, tipofactura, subtotal, iva, valortotal, fechafactura) values (81, 43, 'anulada', 346, 41.52, 387.52, '02/06/2022');
insert into factura (idfactura, idhuesped, tipofactura, subtotal, iva, valortotal, fechafactura) values (82, 55, 'unica', 117, 14.04, 131.04, '28/05/2022');
insert into factura (idfactura, idhuesped, tipofactura, subtotal, iva, valortotal, fechafactura) values (83, 30, 'anulada', 267, 32.04, 299.04, '07/06/2022');
insert into factura (idfactura, idhuesped, tipofactura, subtotal, iva, valortotal, fechafactura) values (84, 37, 'anulada', 220, 26.4, 246.4, '27/05/2022');
insert into factura (idfactura, idhuesped, tipofactura, subtotal, iva, valortotal, fechafactura) values (85, 49, 'grupal', 197, 23.64, 220.64, '11/01/2022');
insert into factura (idfactura, idhuesped, tipofactura, subtotal, iva, valortotal, fechafactura) values (86, 54, 'unica', 321, 38.52, 359.52, '15/01/2022');
insert into factura (idfactura, idhuesped, tipofactura, subtotal, iva, valortotal, fechafactura) values (87, 62, 'grupal', 138, 16.56, 154.56, '20/02/2022');
insert into factura (idfactura, idhuesped, tipofactura, subtotal, iva, valortotal, fechafactura) values (88, 25, 'anulada', 21, 2.52, 23.52, '02/05/2022');
insert into factura (idfactura, idhuesped, tipofactura, subtotal, iva, valortotal, fechafactura) values (89, 36, 'unica', 258, 30.96, 288.96, '01/02/2022');
insert into factura (idfactura, idhuesped, tipofactura, subtotal, iva, valortotal, fechafactura) values (90, 79, 'grupal', 50, 6, 56, '22/03/2022');
insert into factura (idfactura, idhuesped, tipofactura, subtotal, iva, valortotal, fechafactura) values (91, 73, 'unica', 21, 2.52, 23.52, '14/01/2022');
insert into factura (idfactura, idhuesped, tipofactura, subtotal, iva, valortotal, fechafactura) values (92, 75, 'grupal', 95, 11.4, 106.4, '07/01/2022');
insert into factura (idfactura, idhuesped, tipofactura, subtotal, iva, valortotal, fechafactura) values (93, 35, 'unica', 52, 6.24, 58.24, '01/05/2022');
insert into factura (idfactura, idhuesped, tipofactura, subtotal, iva, valortotal, fechafactura) values (94, 33, 'grupal', 275, 33, 308, '19/01/2022');
insert into factura (idfactura, idhuesped, tipofactura, subtotal, iva, valortotal, fechafactura) values (95, 49, 'grupal', 220, 26.4, 246.4, '30/01/2022');
insert into factura (idfactura, idhuesped, tipofactura, subtotal, iva, valortotal, fechafactura) values (96, 39, 'grupal', 213, 25.56, 238.56, '27/04/2022');
insert into factura (idfactura, idhuesped, tipofactura, subtotal, iva, valortotal, fechafactura) values (97, 93, 'anulada', 20, 2.4, 22.4, '15/02/2022');
insert into factura (idfactura, idhuesped, tipofactura, subtotal, iva, valortotal, fechafactura) values (98, 49, 'grupal', 213, 25.56, 238.56, '18/01/2022');
insert into factura (idfactura, idhuesped, tipofactura, subtotal, iva, valortotal, fechafactura) values (99, 91, 'unica', 39, 4.68, 43.68, '03/06/2022');
insert into factura (idfactura, idhuesped, tipofactura, subtotal, iva, valortotal, fechafactura) values (100, 93, 'anulada', 112, 13.44, 125.44, '14/03/2022');
insert into factura (idfactura, idhuesped, tipofactura, subtotal, iva, valortotal, fechafactura) values (101, 45, 'unica', 123, 14.76, 137.76, '04/02/2022');
/*==============================================================*/
/* Table: ESTANCIA                                              */
/*==============================================================*/
insert into estancia (idalojamiento, idhuesped, idfactura, idhabitacion, fechainicioalojamiento, fechafinalalojamiento, formadepago, costoalojamiento) values (1, 1, 37, 18, '03/06/2022', '17/03/2022', 'Pago en efectivo', 130);
insert into estancia (idalojamiento, idhuesped, idfactura, idhabitacion, fechainicioalojamiento, fechafinalalojamiento, formadepago, costoalojamiento) values (2, 62, 49, 6, '27/02/2022', '17/03/2022', 'Pago en efectivo', 160);
insert into estancia (idalojamiento, idhuesped, idfactura, idhabitacion, fechainicioalojamiento, fechafinalalojamiento, formadepago, costoalojamiento) values (3, 5, 1, 15, '13/05/2022', '11/03/2022', 'Pago en efectivo', 130);
insert into estancia (idalojamiento, idhuesped, idfactura, idhabitacion, fechainicioalojamiento, fechafinalalojamiento, formadepago, costoalojamiento) values (4, 47, 18, 26, '10/04/2022', '15/03/2022', 'Pago con tarjeta', 190);
insert into estancia (idalojamiento, idhuesped, idfactura, idhabitacion, fechainicioalojamiento, fechafinalalojamiento, formadepago, costoalojamiento) values (5, 41, 32, 21, '19/04/2022', '08/02/2022', 'Pago con tarjeta', 170);
insert into estancia (idalojamiento, idhuesped, idfactura, idhabitacion, fechainicioalojamiento, fechafinalalojamiento, formadepago, costoalojamiento) values (6, 82, 75, 21, '30/01/2022', '19/05/2022', 'Pago en efectivo', 60);
insert into estancia (idalojamiento, idhuesped, idfactura, idhabitacion, fechainicioalojamiento, fechafinalalojamiento, formadepago, costoalojamiento) values (7, 63, 14, 10, '18/04/2022', '11/04/2022', 'Pago con tarjeta', 110);
insert into estancia (idalojamiento, idhuesped, idfactura, idhabitacion, fechainicioalojamiento, fechafinalalojamiento, formadepago, costoalojamiento) values (8, 1, 3, 14, '18/02/2022', '18/02/2022', 'Pago en efectivo', 160);
insert into estancia (idalojamiento, idhuesped, idfactura, idhabitacion, fechainicioalojamiento, fechafinalalojamiento, formadepago, costoalojamiento) values (9, 32, 88, 27, '22/04/2022', '22/01/2022', 'Pago con tarjeta', 170);
insert into estancia (idalojamiento, idhuesped, idfactura, idhabitacion, fechainicioalojamiento, fechafinalalojamiento, formadepago, costoalojamiento) values (10, 35, 25, 19, '25/04/2022', '10/01/2022', 'Pago con tarjeta', 100);
insert into estancia (idalojamiento, idhuesped, idfactura, idhabitacion, fechainicioalojamiento, fechafinalalojamiento, formadepago, costoalojamiento) values (11, 86, 54, 1, '03/04/2022', '15/01/2022', 'Pago con cheque', 140);
insert into estancia (idalojamiento, idhuesped, idfactura, idhabitacion, fechainicioalojamiento, fechafinalalojamiento, formadepago, costoalojamiento) values (12, 56, 54, 7, '13/03/2022', '21/04/2022', 'Pago con cheque', 80);
insert into estancia (idalojamiento, idhuesped, idfactura, idhabitacion, fechainicioalojamiento, fechafinalalojamiento, formadepago, costoalojamiento) values (13, 13, 79, 8, '03/03/2022', '31/03/2022', 'Pago en efectivo', 170);
insert into estancia (idalojamiento, idhuesped, idfactura, idhabitacion, fechainicioalojamiento, fechafinalalojamiento, formadepago, costoalojamiento) values (14, 89, 13, 12, '20/01/2022', '07/03/2022', 'Pago en efectivo', 160);
insert into estancia (idalojamiento, idhuesped, idfactura, idhabitacion, fechainicioalojamiento, fechafinalalojamiento, formadepago, costoalojamiento) values (15, 49, 4, 7, '10/03/2022', '20/05/2022', 'Pago en efectivo', 40);
insert into estancia (idalojamiento, idhuesped, idfactura, idhabitacion, fechainicioalojamiento, fechafinalalojamiento, formadepago, costoalojamiento) values (16, 68, 72, 9, '01/03/2022', '22/01/2022', 'Pago en efectivo', 140);
insert into estancia (idalojamiento, idhuesped, idfactura, idhabitacion, fechainicioalojamiento, fechafinalalojamiento, formadepago, costoalojamiento) values (17, 92, 2, 11, '31/05/2022', '12/04/2022', 'Pago con cheque', 130);
insert into estancia (idalojamiento, idhuesped, idfactura, idhabitacion, fechainicioalojamiento, fechafinalalojamiento, formadepago, costoalojamiento) values (18, 31, 71, 12, '03/04/2022', '09/05/2022', 'Pago en efectivo', 100);
insert into estancia (idalojamiento, idhuesped, idfactura, idhabitacion, fechainicioalojamiento, fechafinalalojamiento, formadepago, costoalojamiento) values (19, 47, 60, 29, '15/01/2022', '26/05/2022', 'Pago con cheque', 50);
insert into estancia (idalojamiento, idhuesped, idfactura, idhabitacion, fechainicioalojamiento, fechafinalalojamiento, formadepago, costoalojamiento) values (20, 81, 34, 5, '18/05/2022', '09/04/2022', 'Pago con cheque', 90);
insert into estancia (idalojamiento, idhuesped, idfactura, idhabitacion, fechainicioalojamiento, fechafinalalojamiento, formadepago, costoalojamiento) values (21, 39, 87, 26, '02/04/2022', '01/04/2022', 'Pago con cheque', 160);
insert into estancia (idalojamiento, idhuesped, idfactura, idhabitacion, fechainicioalojamiento, fechafinalalojamiento, formadepago, costoalojamiento) values (22, 69, 55, 8, '07/01/2022', '03/05/2022', 'Pago con tarjeta', 110);
insert into estancia (idalojamiento, idhuesped, idfactura, idhabitacion, fechainicioalojamiento, fechafinalalojamiento, formadepago, costoalojamiento) values (23, 76, 85, 3, '16/05/2022', '04/02/2022', 'Pago con cheque', 100);
insert into estancia (idalojamiento, idhuesped, idfactura, idhabitacion, fechainicioalojamiento, fechafinalalojamiento, formadepago, costoalojamiento) values (24, 51, 40, 28, '30/04/2022', '08/03/2022', 'Pago con cheque', 190);
insert into estancia (idalojamiento, idhuesped, idfactura, idhabitacion, fechainicioalojamiento, fechafinalalojamiento, formadepago, costoalojamiento) values (25, 12, 2, 2, '30/03/2022', '10/02/2022', 'Pago con cheque', 40);
insert into estancia (idalojamiento, idhuesped, idfactura, idhabitacion, fechainicioalojamiento, fechafinalalojamiento, formadepago, costoalojamiento) values (26, 16, 37, 11, '02/05/2022', '23/03/2022', 'Pago con tarjeta', 30);
insert into estancia (idalojamiento, idhuesped, idfactura, idhabitacion, fechainicioalojamiento, fechafinalalojamiento, formadepago, costoalojamiento) values (27, 55, 30, 14, '27/03/2022', '21/01/2022', 'Pago en efectivo', 60);
insert into estancia (idalojamiento, idhuesped, idfactura, idhabitacion, fechainicioalojamiento, fechafinalalojamiento, formadepago, costoalojamiento) values (28, 61, 41, 21, '16/01/2022', '11/03/2022', 'Pago con tarjeta', 40);
insert into estancia (idalojamiento, idhuesped, idfactura, idhabitacion, fechainicioalojamiento, fechafinalalojamiento, formadepago, costoalojamiento) values (29, 24, 20, 9, '21/01/2022', '05/02/2022', 'Pago con cheque', 60);
insert into estancia (idalojamiento, idhuesped, idfactura, idhabitacion, fechainicioalojamiento, fechafinalalojamiento, formadepago, costoalojamiento) values (30, 83, 2, 6, '26/05/2022', '15/04/2022', 'Pago con tarjeta', 140);
insert into estancia (idalojamiento, idhuesped, idfactura, idhabitacion, fechainicioalojamiento, fechafinalalojamiento, formadepago, costoalojamiento) values (31, 31, 22, 6, '07/02/2022', '23/04/2022', 'Pago en efectivo', 90);
insert into estancia (idalojamiento, idhuesped, idfactura, idhabitacion, fechainicioalojamiento, fechafinalalojamiento, formadepago, costoalojamiento) values (32, 68, 67, 25, '06/06/2022', '13/01/2022', 'Pago con tarjeta', 60);
insert into estancia (idalojamiento, idhuesped, idfactura, idhabitacion, fechainicioalojamiento, fechafinalalojamiento, formadepago, costoalojamiento) values (33, 22, 84, 28, '28/02/2022', '20/04/2022', 'Pago con tarjeta', 80);
insert into estancia (idalojamiento, idhuesped, idfactura, idhabitacion, fechainicioalojamiento, fechafinalalojamiento, formadepago, costoalojamiento) values (34, 5, 59, 24, '02/01/2022', '21/04/2022', 'Pago con cheque', 20);
insert into estancia (idalojamiento, idhuesped, idfactura, idhabitacion, fechainicioalojamiento, fechafinalalojamiento, formadepago, costoalojamiento) values (35, 100, 52, 28, '10/01/2022', '01/06/2022', 'Pago con cheque', 150);
insert into estancia (idalojamiento, idhuesped, idfactura, idhabitacion, fechainicioalojamiento, fechafinalalojamiento, formadepago, costoalojamiento) values (36, 5, 96, 2, '11/01/2022', '22/04/2022', 'Pago con tarjeta', 150);
insert into estancia (idalojamiento, idhuesped, idfactura, idhabitacion, fechainicioalojamiento, fechafinalalojamiento, formadepago, costoalojamiento) values (37, 60, 24, 26, '03/05/2022', '19/01/2022', 'Pago con cheque', 180);
insert into estancia (idalojamiento, idhuesped, idfactura, idhabitacion, fechainicioalojamiento, fechafinalalojamiento, formadepago, costoalojamiento) values (38, 84, 30, 1, '02/04/2022', '01/03/2022', 'Pago con cheque', 150);
insert into estancia (idalojamiento, idhuesped, idfactura, idhabitacion, fechainicioalojamiento, fechafinalalojamiento, formadepago, costoalojamiento) values (39, 57, 90, 14, '16/04/2022', '13/03/2022', 'Pago en efectivo', 40);
insert into estancia (idalojamiento, idhuesped, idfactura, idhabitacion, fechainicioalojamiento, fechafinalalojamiento, formadepago, costoalojamiento) values (40, 88, 97, 3, '28/01/2022', '17/01/2022', 'Pago con cheque', 200);
insert into estancia (idalojamiento, idhuesped, idfactura, idhabitacion, fechainicioalojamiento, fechafinalalojamiento, formadepago, costoalojamiento) values (41, 3, 36, 17, '04/02/2022', '28/03/2022', 'Pago con cheque', 50);
insert into estancia (idalojamiento, idhuesped, idfactura, idhabitacion, fechainicioalojamiento, fechafinalalojamiento, formadepago, costoalojamiento) values (42, 9, 23, 11, '16/03/2022', '26/03/2022', 'Pago en efectivo', 120);
insert into estancia (idalojamiento, idhuesped, idfactura, idhabitacion, fechainicioalojamiento, fechafinalalojamiento, formadepago, costoalojamiento) values (43, 100, 66, 20, '21/02/2022', '27/04/2022', 'Pago con cheque', 20);
insert into estancia (idalojamiento, idhuesped, idfactura, idhabitacion, fechainicioalojamiento, fechafinalalojamiento, formadepago, costoalojamiento) values (44, 8, 6, 25, '19/01/2022', '25/04/2022', 'Pago en efectivo', 100);
insert into estancia (idalojamiento, idhuesped, idfactura, idhabitacion, fechainicioalojamiento, fechafinalalojamiento, formadepago, costoalojamiento) values (45, 10, 49, 1, '17/04/2022', '07/06/2022', 'Pago con cheque', 130);
insert into estancia (idalojamiento, idhuesped, idfactura, idhabitacion, fechainicioalojamiento, fechafinalalojamiento, formadepago, costoalojamiento) values (46, 1, 48, 6, '23/04/2022', '11/04/2022', 'Pago en efectivo', 20);
insert into estancia (idalojamiento, idhuesped, idfactura, idhabitacion, fechainicioalojamiento, fechafinalalojamiento, formadepago, costoalojamiento) values (47, 38, 85, 10, '07/02/2022', '06/02/2022', 'Pago con tarjeta', 20);
insert into estancia (idalojamiento, idhuesped, idfactura, idhabitacion, fechainicioalojamiento, fechafinalalojamiento, formadepago, costoalojamiento) values (48, 47, 43, 16, '07/02/2022', '07/02/2022', 'Pago en efectivo', 140);
insert into estancia (idalojamiento, idhuesped, idfactura, idhabitacion, fechainicioalojamiento, fechafinalalojamiento, formadepago, costoalojamiento) values (49, 44, 73, 23, '22/02/2022', '10/05/2022', 'Pago en efectivo', 90);
insert into estancia (idalojamiento, idhuesped, idfactura, idhabitacion, fechainicioalojamiento, fechafinalalojamiento, formadepago, costoalojamiento) values (50, 16, 20, 24, '31/03/2022', '21/05/2022', 'Pago en efectivo', 150);
insert into estancia (idalojamiento, idhuesped, idfactura, idhabitacion, fechainicioalojamiento, fechafinalalojamiento, formadepago, costoalojamiento) values (51, 95, 25, 25, '09/03/2022', '20/05/2022', 'Pago con tarjeta', 140);
insert into estancia (idalojamiento, idhuesped, idfactura, idhabitacion, fechainicioalojamiento, fechafinalalojamiento, formadepago, costoalojamiento) values (52, 46, 30, 5, '24/02/2022', '16/03/2022', 'Pago con cheque', 20);
insert into estancia (idalojamiento, idhuesped, idfactura, idhabitacion, fechainicioalojamiento, fechafinalalojamiento, formadepago, costoalojamiento) values (53, 80, 54, 25, '13/01/2022', '13/04/2022', 'Pago con cheque', 40);
insert into estancia (idalojamiento, idhuesped, idfactura, idhabitacion, fechainicioalojamiento, fechafinalalojamiento, formadepago, costoalojamiento) values (54, 83, 37, 26, '01/01/2022', '15/01/2022', 'Pago con cheque', 60);
insert into estancia (idalojamiento, idhuesped, idfactura, idhabitacion, fechainicioalojamiento, fechafinalalojamiento, formadepago, costoalojamiento) values (55, 53, 85, 20, '22/04/2022', '02/01/2022', 'Pago con tarjeta', 170);
insert into estancia (idalojamiento, idhuesped, idfactura, idhabitacion, fechainicioalojamiento, fechafinalalojamiento, formadepago, costoalojamiento) values (56, 54, 25, 9, '07/03/2022', '14/03/2022', 'Pago con cheque', 180);
insert into estancia (idalojamiento, idhuesped, idfactura, idhabitacion, fechainicioalojamiento, fechafinalalojamiento, formadepago, costoalojamiento) values (57, 40, 10, 25, '12/04/2022', '03/04/2022', 'Pago con cheque', 20);
insert into estancia (idalojamiento, idhuesped, idfactura, idhabitacion, fechainicioalojamiento, fechafinalalojamiento, formadepago, costoalojamiento) values (58, 61, 46, 24, '13/02/2022', '27/05/2022', 'Pago con tarjeta', 150);
insert into estancia (idalojamiento, idhuesped, idfactura, idhabitacion, fechainicioalojamiento, fechafinalalojamiento, formadepago, costoalojamiento) values (59, 42, 24, 29, '04/02/2022', '29/03/2022', 'Pago en efectivo', 150);
insert into estancia (idalojamiento, idhuesped, idfactura, idhabitacion, fechainicioalojamiento, fechafinalalojamiento, formadepago, costoalojamiento) values (60, 58, 15, 14, '17/05/2022', '27/01/2022', 'Pago con tarjeta', 200);
insert into estancia (idalojamiento, idhuesped, idfactura, idhabitacion, fechainicioalojamiento, fechafinalalojamiento, formadepago, costoalojamiento) values (61, 5, 58, 8, '07/05/2022', '02/03/2022', 'Pago con tarjeta', 20);
insert into estancia (idalojamiento, idhuesped, idfactura, idhabitacion, fechainicioalojamiento, fechafinalalojamiento, formadepago, costoalojamiento) values (62, 37, 30, 25, '15/04/2022', '03/02/2022', 'Pago con cheque', 20);
insert into estancia (idalojamiento, idhuesped, idfactura, idhabitacion, fechainicioalojamiento, fechafinalalojamiento, formadepago, costoalojamiento) values (63, 98, 14, 1, '15/04/2022', '29/03/2022', 'Pago en efectivo', 130);
insert into estancia (idalojamiento, idhuesped, idfactura, idhabitacion, fechainicioalojamiento, fechafinalalojamiento, formadepago, costoalojamiento) values (64, 71, 88, 17, '23/02/2022', '05/01/2022', 'Pago en efectivo', 50);
insert into estancia (idalojamiento, idhuesped, idfactura, idhabitacion, fechainicioalojamiento, fechafinalalojamiento, formadepago, costoalojamiento) values (65, 23, 31, 15, '25/02/2022', '14/04/2022', 'Pago con cheque', 120);
insert into estancia (idalojamiento, idhuesped, idfactura, idhabitacion, fechainicioalojamiento, fechafinalalojamiento, formadepago, costoalojamiento) values (66, 70, 49, 24, '28/04/2022', '30/04/2022', 'Pago con cheque', 100);
insert into estancia (idalojamiento, idhuesped, idfactura, idhabitacion, fechainicioalojamiento, fechafinalalojamiento, formadepago, costoalojamiento) values (67, 47, 27, 19, '27/05/2022', '26/01/2022', 'Pago con tarjeta', 120);
insert into estancia (idalojamiento, idhuesped, idfactura, idhabitacion, fechainicioalojamiento, fechafinalalojamiento, formadepago, costoalojamiento) values (68, 34, 62, 9, '22/03/2022', '04/01/2022', 'Pago con cheque', 130);
insert into estancia (idalojamiento, idhuesped, idfactura, idhabitacion, fechainicioalojamiento, fechafinalalojamiento, formadepago, costoalojamiento) values (69, 60, 87, 15, '26/02/2022', '10/02/2022', 'Pago en efectivo', 200);
insert into estancia (idalojamiento, idhuesped, idfactura, idhabitacion, fechainicioalojamiento, fechafinalalojamiento, formadepago, costoalojamiento) values (70, 12, 56, 26, '21/05/2022', '23/02/2022', 'Pago con tarjeta', 130);
insert into estancia (idalojamiento, idhuesped, idfactura, idhabitacion, fechainicioalojamiento, fechafinalalojamiento, formadepago, costoalojamiento) values (71, 85, 4, 13, '09/02/2022', '27/03/2022', 'Pago en efectivo', 110);
insert into estancia (idalojamiento, idhuesped, idfactura, idhabitacion, fechainicioalojamiento, fechafinalalojamiento, formadepago, costoalojamiento) values (72, 79, 59, 2, '06/02/2022', '12/05/2022', 'Pago con cheque', 190);
insert into estancia (idalojamiento, idhuesped, idfactura, idhabitacion, fechainicioalojamiento, fechafinalalojamiento, formadepago, costoalojamiento) values (73, 8, 78, 29, '15/03/2022', '22/01/2022', 'Pago con tarjeta', 180);
insert into estancia (idalojamiento, idhuesped, idfactura, idhabitacion, fechainicioalojamiento, fechafinalalojamiento, formadepago, costoalojamiento) values (74, 19, 18, 12, '31/01/2022', '01/04/2022', 'Pago en efectivo', 140);
insert into estancia (idalojamiento, idhuesped, idfactura, idhabitacion, fechainicioalojamiento, fechafinalalojamiento, formadepago, costoalojamiento) values (75, 40, 29, 19, '07/04/2022', '07/02/2022', 'Pago en efectivo', 50);
insert into estancia (idalojamiento, idhuesped, idfactura, idhabitacion, fechainicioalojamiento, fechafinalalojamiento, formadepago, costoalojamiento) values (76, 49, 77, 7, '27/05/2022', '02/04/2022', 'Pago con tarjeta', 120);
insert into estancia (idalojamiento, idhuesped, idfactura, idhabitacion, fechainicioalojamiento, fechafinalalojamiento, formadepago, costoalojamiento) values (77, 86, 29, 27, '20/02/2022', '21/05/2022', 'Pago en efectivo', 160);
insert into estancia (idalojamiento, idhuesped, idfactura, idhabitacion, fechainicioalojamiento, fechafinalalojamiento, formadepago, costoalojamiento) values (78, 88, 22, 13, '15/05/2022', '05/05/2022', 'Pago con cheque', 160);
insert into estancia (idalojamiento, idhuesped, idfactura, idhabitacion, fechainicioalojamiento, fechafinalalojamiento, formadepago, costoalojamiento) values (79, 44, 53, 1, '09/01/2022', '13/02/2022', 'Pago en efectivo', 90);
insert into estancia (idalojamiento, idhuesped, idfactura, idhabitacion, fechainicioalojamiento, fechafinalalojamiento, formadepago, costoalojamiento) values (80, 79, 34, 6, '03/03/2022', '07/06/2022', 'Pago en efectivo', 150);
insert into estancia (idalojamiento, idhuesped, idfactura, idhabitacion, fechainicioalojamiento, fechafinalalojamiento, formadepago, costoalojamiento) values (81, 61, 53, 1, '29/03/2022', '11/05/2022', 'Pago en efectivo', 140);
insert into estancia (idalojamiento, idhuesped, idfactura, idhabitacion, fechainicioalojamiento, fechafinalalojamiento, formadepago, costoalojamiento) values (82, 1, 99, 20, '03/04/2022', '15/01/2022', 'Pago en efectivo', 60);
insert into estancia (idalojamiento, idhuesped, idfactura, idhabitacion, fechainicioalojamiento, fechafinalalojamiento, formadepago, costoalojamiento) values (83, 32, 70, 8, '25/01/2022', '03/01/2022', 'Pago con tarjeta', 180);
insert into estancia (idalojamiento, idhuesped, idfactura, idhabitacion, fechainicioalojamiento, fechafinalalojamiento, formadepago, costoalojamiento) values (84, 7, 25, 22, '11/03/2022', '05/03/2022', 'Pago con cheque', 20);
insert into estancia (idalojamiento, idhuesped, idfactura, idhabitacion, fechainicioalojamiento, fechafinalalojamiento, formadepago, costoalojamiento) values (85, 59, 85, 7, '06/06/2022', '28/04/2022', 'Pago con cheque', 200);
insert into estancia (idalojamiento, idhuesped, idfactura, idhabitacion, fechainicioalojamiento, fechafinalalojamiento, formadepago, costoalojamiento) values (86, 75, 39, 9, '11/04/2022', '06/05/2022', 'Pago con tarjeta', 190);
insert into estancia (idalojamiento, idhuesped, idfactura, idhabitacion, fechainicioalojamiento, fechafinalalojamiento, formadepago, costoalojamiento) values (87, 33, 16, 2, '18/04/2022', '21/04/2022', 'Pago con tarjeta', 150);
insert into estancia (idalojamiento, idhuesped, idfactura, idhabitacion, fechainicioalojamiento, fechafinalalojamiento, formadepago, costoalojamiento) values (88, 14, 13, 19, '30/04/2022', '24/02/2022', 'Pago en efectivo', 20);
insert into estancia (idalojamiento, idhuesped, idfactura, idhabitacion, fechainicioalojamiento, fechafinalalojamiento, formadepago, costoalojamiento) values (89, 98, 89, 23, '02/03/2022', '27/03/2022', 'Pago con cheque', 190);
insert into estancia (idalojamiento, idhuesped, idfactura, idhabitacion, fechainicioalojamiento, fechafinalalojamiento, formadepago, costoalojamiento) values (90, 66, 100, 7, '25/03/2022', '24/02/2022', 'Pago en efectivo', 130);
insert into estancia (idalojamiento, idhuesped, idfactura, idhabitacion, fechainicioalojamiento, fechafinalalojamiento, formadepago, costoalojamiento) values (91, 38, 14, 24, '19/05/2022', '23/02/2022', 'Pago con tarjeta', 110);
insert into estancia (idalojamiento, idhuesped, idfactura, idhabitacion, fechainicioalojamiento, fechafinalalojamiento, formadepago, costoalojamiento) values (92, 21, 98, 28, '05/01/2022', '04/05/2022', 'Pago con tarjeta', 90);
insert into estancia (idalojamiento, idhuesped, idfactura, idhabitacion, fechainicioalojamiento, fechafinalalojamiento, formadepago, costoalojamiento) values (93, 52, 21, 27, '27/02/2022', '10/02/2022', 'Pago en efectivo', 170);
insert into estancia (idalojamiento, idhuesped, idfactura, idhabitacion, fechainicioalojamiento, fechafinalalojamiento, formadepago, costoalojamiento) values (94, 73, 52, 15, '20/04/2022', '11/03/2022', 'Pago con tarjeta', 200);
insert into estancia (idalojamiento, idhuesped, idfactura, idhabitacion, fechainicioalojamiento, fechafinalalojamiento, formadepago, costoalojamiento) values (95, 1, 87, 26, '13/02/2022', '22/01/2022', 'Pago con cheque', 130);
insert into estancia (idalojamiento, idhuesped, idfactura, idhabitacion, fechainicioalojamiento, fechafinalalojamiento, formadepago, costoalojamiento) values (96, 41, 90, 4, '25/05/2022', '25/04/2022', 'Pago con tarjeta', 40);
insert into estancia (idalojamiento, idhuesped, idfactura, idhabitacion, fechainicioalojamiento, fechafinalalojamiento, formadepago, costoalojamiento) values (97, 8, 73, 14, '04/04/2022', '26/05/2022', 'Pago con tarjeta', 50);
insert into estancia (idalojamiento, idhuesped, idfactura, idhabitacion, fechainicioalojamiento, fechafinalalojamiento, formadepago, costoalojamiento) values (98, 92, 37, 5, '19/01/2022', '09/01/2022', 'Pago en efectivo', 90);
insert into estancia (idalojamiento, idhuesped, idfactura, idhabitacion, fechainicioalojamiento, fechafinalalojamiento, formadepago, costoalojamiento) values (99, 101, 25, 16, '19/03/2022', '07/05/2022', 'Pago en efectivo', 170);
insert into estancia (idalojamiento, idhuesped, idfactura, idhabitacion, fechainicioalojamiento, fechafinalalojamiento, formadepago, costoalojamiento) values (100, 89, 28, 13, '19/01/2022', '07/06/2022', 'Pago en efectivo', 150);
insert into estancia (idalojamiento, idhuesped, idfactura, idhabitacion, fechainicioalojamiento, fechafinalalojamiento, formadepago, costoalojamiento) values (101, 97, 48, 13, '03/04/2022', '12/01/2022', 'Pago con tarjeta', 60);
insert into estancia (idalojamiento, idhuesped, idfactura, idhabitacion, fechainicioalojamiento, fechafinalalojamiento, formadepago, costoalojamiento) values (102, 35, 57, 29, '07/04/2022', '02/05/2022', 'Pago con cheque', 200);
insert into estancia (idalojamiento, idhuesped, idfactura, idhabitacion, fechainicioalojamiento, fechafinalalojamiento, formadepago, costoalojamiento) values (103, 18, 30, 25, '08/04/2022', '29/04/2022', 'Pago en efectivo', 170);
insert into estancia (idalojamiento, idhuesped, idfactura, idhabitacion, fechainicioalojamiento, fechafinalalojamiento, formadepago, costoalojamiento) values (104, 33, 10, 17, '05/03/2022', '23/04/2022', 'Pago con cheque', 30);
insert into estancia (idalojamiento, idhuesped, idfactura, idhabitacion, fechainicioalojamiento, fechafinalalojamiento, formadepago, costoalojamiento) values (105, 55, 68, 2, '01/06/2022', '06/06/2022', 'Pago en efectivo', 170);
insert into estancia (idalojamiento, idhuesped, idfactura, idhabitacion, fechainicioalojamiento, fechafinalalojamiento, formadepago, costoalojamiento) values (106, 75, 12, 1, '12/03/2022', '27/02/2022', 'Pago en efectivo', 80);
insert into estancia (idalojamiento, idhuesped, idfactura, idhabitacion, fechainicioalojamiento, fechafinalalojamiento, formadepago, costoalojamiento) values (107, 97, 53, 10, '24/04/2022', '16/04/2022', 'Pago con cheque', 90);
insert into estancia (idalojamiento, idhuesped, idfactura, idhabitacion, fechainicioalojamiento, fechafinalalojamiento, formadepago, costoalojamiento) values (108, 3, 45, 20, '23/05/2022', '10/01/2022', 'Pago en efectivo', 50);
insert into estancia (idalojamiento, idhuesped, idfactura, idhabitacion, fechainicioalojamiento, fechafinalalojamiento, formadepago, costoalojamiento) values (109, 29, 10, 12, '13/01/2022', '18/04/2022', 'Pago con cheque', 100);
insert into estancia (idalojamiento, idhuesped, idfactura, idhabitacion, fechainicioalojamiento, fechafinalalojamiento, formadepago, costoalojamiento) values (110, 30, 93, 30, '19/05/2022', '23/04/2022', 'Pago en efectivo', 160);
insert into estancia (idalojamiento, idhuesped, idfactura, idhabitacion, fechainicioalojamiento, fechafinalalojamiento, formadepago, costoalojamiento) values (111, 44, 83, 24, '01/02/2022', '21/02/2022', 'Pago con cheque', 120);
insert into estancia (idalojamiento, idhuesped, idfactura, idhabitacion, fechainicioalojamiento, fechafinalalojamiento, formadepago, costoalojamiento) values (112, 11, 42, 1, '13/04/2022', '25/03/2022', 'Pago en efectivo', 80);
insert into estancia (idalojamiento, idhuesped, idfactura, idhabitacion, fechainicioalojamiento, fechafinalalojamiento, formadepago, costoalojamiento) values (113, 74, 15, 3, '21/03/2022', '12/03/2022', 'Pago con cheque', 170);
insert into estancia (idalojamiento, idhuesped, idfactura, idhabitacion, fechainicioalojamiento, fechafinalalojamiento, formadepago, costoalojamiento) values (114, 64, 94, 18, '14/02/2022', '26/01/2022', 'Pago en efectivo', 140);
insert into estancia (idalojamiento, idhuesped, idfactura, idhabitacion, fechainicioalojamiento, fechafinalalojamiento, formadepago, costoalojamiento) values (115, 95, 84, 26, '28/02/2022', '19/02/2022', 'Pago con cheque', 160);
insert into estancia (idalojamiento, idhuesped, idfactura, idhabitacion, fechainicioalojamiento, fechafinalalojamiento, formadepago, costoalojamiento) values (116, 93, 36, 24, '05/02/2022', '04/01/2022', 'Pago en efectivo', 50);
insert into estancia (idalojamiento, idhuesped, idfactura, idhabitacion, fechainicioalojamiento, fechafinalalojamiento, formadepago, costoalojamiento) values (117, 82, 61, 16, '20/01/2022', '30/01/2022', 'Pago con tarjeta', 120);
insert into estancia (idalojamiento, idhuesped, idfactura, idhabitacion, fechainicioalojamiento, fechafinalalojamiento, formadepago, costoalojamiento) values (118, 56, 80, 4, '25/01/2022', '07/02/2022', 'Pago en efectivo', 60);
insert into estancia (idalojamiento, idhuesped, idfactura, idhabitacion, fechainicioalojamiento, fechafinalalojamiento, formadepago, costoalojamiento) values (119, 67, 7, 11, '27/01/2022', '16/02/2022', 'Pago con tarjeta', 150);
insert into estancia (idalojamiento, idhuesped, idfactura, idhabitacion, fechainicioalojamiento, fechafinalalojamiento, formadepago, costoalojamiento) values (120, 23, 45, 13, '20/03/2022', '30/04/2022', 'Pago con tarjeta', 30);
insert into estancia (idalojamiento, idhuesped, idfactura, idhabitacion, fechainicioalojamiento, fechafinalalojamiento, formadepago, costoalojamiento) values (121, 101, 70, 5, '19/01/2022', '24/05/2022', 'Pago con cheque', 180);
insert into estancia (idalojamiento, idhuesped, idfactura, idhabitacion, fechainicioalojamiento, fechafinalalojamiento, formadepago, costoalojamiento) values (122, 42, 68, 14, '10/01/2022', '12/05/2022', 'Pago con tarjeta', 110);
insert into estancia (idalojamiento, idhuesped, idfactura, idhabitacion, fechainicioalojamiento, fechafinalalojamiento, formadepago, costoalojamiento) values (123, 12, 47, 28, '09/03/2022', '28/03/2022', 'Pago en efectivo', 190);
insert into estancia (idalojamiento, idhuesped, idfactura, idhabitacion, fechainicioalojamiento, fechafinalalojamiento, formadepago, costoalojamiento) values (124, 68, 39, 3, '26/04/2022', '31/01/2022', 'Pago en efectivo', 30);
insert into estancia (idalojamiento, idhuesped, idfactura, idhabitacion, fechainicioalojamiento, fechafinalalojamiento, formadepago, costoalojamiento) values (125, 17, 15, 28, '01/02/2022', '02/05/2022', 'Pago en efectivo', 100);
insert into estancia (idalojamiento, idhuesped, idfactura, idhabitacion, fechainicioalojamiento, fechafinalalojamiento, formadepago, costoalojamiento) values (126, 26, 44, 5, '04/04/2022', '13/01/2022', 'Pago con tarjeta', 50);
insert into estancia (idalojamiento, idhuesped, idfactura, idhabitacion, fechainicioalojamiento, fechafinalalojamiento, formadepago, costoalojamiento) values (127, 54, 84, 20, '18/01/2022', '17/04/2022', 'Pago con cheque', 50);
insert into estancia (idalojamiento, idhuesped, idfactura, idhabitacion, fechainicioalojamiento, fechafinalalojamiento, formadepago, costoalojamiento) values (128, 101, 9, 14, '16/01/2022', '21/02/2022', 'Pago con cheque', 60);
insert into estancia (idalojamiento, idhuesped, idfactura, idhabitacion, fechainicioalojamiento, fechafinalalojamiento, formadepago, costoalojamiento) values (129, 74, 68, 2, '28/04/2022', '24/04/2022', 'Pago con tarjeta', 50);
insert into estancia (idalojamiento, idhuesped, idfactura, idhabitacion, fechainicioalojamiento, fechafinalalojamiento, formadepago, costoalojamiento) values (130, 35, 77, 12, '21/05/2022', '28/03/2022', 'Pago en efectivo', 140);
insert into estancia (idalojamiento, idhuesped, idfactura, idhabitacion, fechainicioalojamiento, fechafinalalojamiento, formadepago, costoalojamiento) values (131, 20, 46, 15, '13/05/2022', '07/05/2022', 'Pago con tarjeta', 30);
insert into estancia (idalojamiento, idhuesped, idfactura, idhabitacion, fechainicioalojamiento, fechafinalalojamiento, formadepago, costoalojamiento) values (132, 36, 43, 17, '30/01/2022', '22/03/2022', 'Pago con cheque', 40);
insert into estancia (idalojamiento, idhuesped, idfactura, idhabitacion, fechainicioalojamiento, fechafinalalojamiento, formadepago, costoalojamiento) values (133, 95, 21, 7, '15/04/2022', '12/05/2022', 'Pago en efectivo', 20);
insert into estancia (idalojamiento, idhuesped, idfactura, idhabitacion, fechainicioalojamiento, fechafinalalojamiento, formadepago, costoalojamiento) values (134, 56, 39, 15, '03/04/2022', '01/04/2022', 'Pago con cheque', 60);
insert into estancia (idalojamiento, idhuesped, idfactura, idhabitacion, fechainicioalojamiento, fechafinalalojamiento, formadepago, costoalojamiento) values (135, 16, 101, 3, '03/04/2022', '20/04/2022', 'Pago con tarjeta', 30);
insert into estancia (idalojamiento, idhuesped, idfactura, idhabitacion, fechainicioalojamiento, fechafinalalojamiento, formadepago, costoalojamiento) values (136, 40, 46, 8, '18/05/2022', '03/01/2022', 'Pago con tarjeta', 100);
insert into estancia (idalojamiento, idhuesped, idfactura, idhabitacion, fechainicioalojamiento, fechafinalalojamiento, formadepago, costoalojamiento) values (137, 40, 77, 19, '02/03/2022', '10/01/2022', 'Pago con tarjeta', 50);
insert into estancia (idalojamiento, idhuesped, idfactura, idhabitacion, fechainicioalojamiento, fechafinalalojamiento, formadepago, costoalojamiento) values (138, 74, 8, 29, '06/04/2022', '21/01/2022', 'Pago con cheque', 160);
insert into estancia (idalojamiento, idhuesped, idfactura, idhabitacion, fechainicioalojamiento, fechafinalalojamiento, formadepago, costoalojamiento) values (139, 100, 67, 14, '26/01/2022', '06/04/2022', 'Pago con tarjeta', 110);
insert into estancia (idalojamiento, idhuesped, idfactura, idhabitacion, fechainicioalojamiento, fechafinalalojamiento, formadepago, costoalojamiento) values (140, 67, 41, 17, '12/02/2022', '30/05/2022', 'Pago con cheque', 150);
insert into estancia (idalojamiento, idhuesped, idfactura, idhabitacion, fechainicioalojamiento, fechafinalalojamiento, formadepago, costoalojamiento) values (141, 98, 17, 9, '04/04/2022', '22/03/2022', 'Pago con tarjeta', 80);
insert into estancia (idalojamiento, idhuesped, idfactura, idhabitacion, fechainicioalojamiento, fechafinalalojamiento, formadepago, costoalojamiento) values (142, 59, 81, 5, '09/02/2022', '27/03/2022', 'Pago con cheque', 120);
insert into estancia (idalojamiento, idhuesped, idfactura, idhabitacion, fechainicioalojamiento, fechafinalalojamiento, formadepago, costoalojamiento) values (143, 23, 56, 16, '10/05/2022', '10/04/2022', 'Pago con cheque', 30);
insert into estancia (idalojamiento, idhuesped, idfactura, idhabitacion, fechainicioalojamiento, fechafinalalojamiento, formadepago, costoalojamiento) values (144, 9, 84, 20, '08/01/2022', '14/02/2022', 'Pago con cheque', 120);
insert into estancia (idalojamiento, idhuesped, idfactura, idhabitacion, fechainicioalojamiento, fechafinalalojamiento, formadepago, costoalojamiento) values (145, 71, 49, 8, '12/04/2022', '16/03/2022', 'Pago con cheque', 140);
insert into estancia (idalojamiento, idhuesped, idfactura, idhabitacion, fechainicioalojamiento, fechafinalalojamiento, formadepago, costoalojamiento) values (146, 29, 22, 12, '07/02/2022', '18/01/2022', 'Pago con cheque', 30);
insert into estancia (idalojamiento, idhuesped, idfactura, idhabitacion, fechainicioalojamiento, fechafinalalojamiento, formadepago, costoalojamiento) values (147, 94, 66, 9, '23/02/2022', '22/04/2022', 'Pago en efectivo', 190);
insert into estancia (idalojamiento, idhuesped, idfactura, idhabitacion, fechainicioalojamiento, fechafinalalojamiento, formadepago, costoalojamiento) values (148, 97, 53, 14, '16/04/2022', '21/03/2022', 'Pago con tarjeta', 80);
insert into estancia (idalojamiento, idhuesped, idfactura, idhabitacion, fechainicioalojamiento, fechafinalalojamiento, formadepago, costoalojamiento) values (149, 4, 62, 5, '01/02/2022', '24/02/2022', 'Pago con cheque', 190);
insert into estancia (idalojamiento, idhuesped, idfactura, idhabitacion, fechainicioalojamiento, fechafinalalojamiento, formadepago, costoalojamiento) values (150, 65, 58, 17, '06/03/2022', '20/02/2022', 'Pago con tarjeta', 50);
insert into estancia (idalojamiento, idhuesped, idfactura, idhabitacion, fechainicioalojamiento, fechafinalalojamiento, formadepago, costoalojamiento) values (151, 7, 68, 3, '26/01/2022', '04/02/2022', 'Pago con tarjeta', 190);
insert into estancia (idalojamiento, idhuesped, idfactura, idhabitacion, fechainicioalojamiento, fechafinalalojamiento, formadepago, costoalojamiento) values (152, 39, 47, 15, '12/05/2022', '29/04/2022', 'Pago con cheque', 20);
insert into estancia (idalojamiento, idhuesped, idfactura, idhabitacion, fechainicioalojamiento, fechafinalalojamiento, formadepago, costoalojamiento) values (153, 40, 4, 3, '13/03/2022', '11/01/2022', 'Pago con cheque', 110);
insert into estancia (idalojamiento, idhuesped, idfactura, idhabitacion, fechainicioalojamiento, fechafinalalojamiento, formadepago, costoalojamiento) values (154, 51, 11, 12, '21/01/2022', '03/06/2022', 'Pago en efectivo', 40);
insert into estancia (idalojamiento, idhuesped, idfactura, idhabitacion, fechainicioalojamiento, fechafinalalojamiento, formadepago, costoalojamiento) values (155, 49, 46, 12, '18/02/2022', '06/03/2022', 'Pago en efectivo', 50);
insert into estancia (idalojamiento, idhuesped, idfactura, idhabitacion, fechainicioalojamiento, fechafinalalojamiento, formadepago, costoalojamiento) values (156, 75, 54, 26, '20/01/2022', '04/06/2022', 'Pago en efectivo', 50);
insert into estancia (idalojamiento, idhuesped, idfactura, idhabitacion, fechainicioalojamiento, fechafinalalojamiento, formadepago, costoalojamiento) values (157, 29, 73, 25, '18/04/2022', '05/01/2022', 'Pago en efectivo', 20);
insert into estancia (idalojamiento, idhuesped, idfactura, idhabitacion, fechainicioalojamiento, fechafinalalojamiento, formadepago, costoalojamiento) values (158, 64, 49, 9, '30/03/2022', '13/04/2022', 'Pago en efectivo', 40);
insert into estancia (idalojamiento, idhuesped, idfactura, idhabitacion, fechainicioalojamiento, fechafinalalojamiento, formadepago, costoalojamiento) values (159, 26, 39, 1, '14/01/2022', '19/01/2022', 'Pago con tarjeta', 80);
insert into estancia (idalojamiento, idhuesped, idfactura, idhabitacion, fechainicioalojamiento, fechafinalalojamiento, formadepago, costoalojamiento) values (160, 58, 78, 22, '02/04/2022', '03/04/2022', 'Pago con tarjeta', 200);
insert into estancia (idalojamiento, idhuesped, idfactura, idhabitacion, fechainicioalojamiento, fechafinalalojamiento, formadepago, costoalojamiento) values (161, 96, 69, 28, '23/02/2022', '21/01/2022', 'Pago en efectivo', 160);
insert into estancia (idalojamiento, idhuesped, idfactura, idhabitacion, fechainicioalojamiento, fechafinalalojamiento, formadepago, costoalojamiento) values (162, 30, 98, 7, '21/03/2022', '28/05/2022', 'Pago con tarjeta', 80);
insert into estancia (idalojamiento, idhuesped, idfactura, idhabitacion, fechainicioalojamiento, fechafinalalojamiento, formadepago, costoalojamiento) values (163, 3, 65, 15, '09/02/2022', '13/03/2022', 'Pago con tarjeta', 100);
insert into estancia (idalojamiento, idhuesped, idfactura, idhabitacion, fechainicioalojamiento, fechafinalalojamiento, formadepago, costoalojamiento) values (164, 16, 42, 30, '26/01/2022', '01/06/2022', 'Pago en efectivo', 20);
insert into estancia (idalojamiento, idhuesped, idfactura, idhabitacion, fechainicioalojamiento, fechafinalalojamiento, formadepago, costoalojamiento) values (165, 14, 44, 11, '07/02/2022', '19/04/2022', 'Pago con tarjeta', 150);
insert into estancia (idalojamiento, idhuesped, idfactura, idhabitacion, fechainicioalojamiento, fechafinalalojamiento, formadepago, costoalojamiento) values (166, 67, 31, 12, '12/02/2022', '04/06/2022', 'Pago en efectivo', 40);
insert into estancia (idalojamiento, idhuesped, idfactura, idhabitacion, fechainicioalojamiento, fechafinalalojamiento, formadepago, costoalojamiento) values (167, 30, 39, 30, '29/03/2022', '01/04/2022', 'Pago con cheque', 90);
insert into estancia (idalojamiento, idhuesped, idfactura, idhabitacion, fechainicioalojamiento, fechafinalalojamiento, formadepago, costoalojamiento) values (168, 67, 66, 1, '13/04/2022', '01/06/2022', 'Pago en efectivo', 150);
insert into estancia (idalojamiento, idhuesped, idfactura, idhabitacion, fechainicioalojamiento, fechafinalalojamiento, formadepago, costoalojamiento) values (169, 62, 83, 5, '21/01/2022', '10/03/2022', 'Pago en efectivo', 40);
insert into estancia (idalojamiento, idhuesped, idfactura, idhabitacion, fechainicioalojamiento, fechafinalalojamiento, formadepago, costoalojamiento) values (170, 85, 14, 12, '29/03/2022', '30/01/2022', 'Pago con tarjeta', 180);
insert into estancia (idalojamiento, idhuesped, idfactura, idhabitacion, fechainicioalojamiento, fechafinalalojamiento, formadepago, costoalojamiento) values (171, 24, 50, 15, '13/03/2022', '06/03/2022', 'Pago con tarjeta', 80);
insert into estancia (idalojamiento, idhuesped, idfactura, idhabitacion, fechainicioalojamiento, fechafinalalojamiento, formadepago, costoalojamiento) values (172, 55, 9, 22, '22/01/2022', '02/06/2022', 'Pago con tarjeta', 40);
insert into estancia (idalojamiento, idhuesped, idfactura, idhabitacion, fechainicioalojamiento, fechafinalalojamiento, formadepago, costoalojamiento) values (173, 14, 18, 3, '11/03/2022', '01/03/2022', 'Pago con tarjeta', 200);
insert into estancia (idalojamiento, idhuesped, idfactura, idhabitacion, fechainicioalojamiento, fechafinalalojamiento, formadepago, costoalojamiento) values (174, 101, 28, 29, '16/05/2022', '04/03/2022', 'Pago con tarjeta', 180);
insert into estancia (idalojamiento, idhuesped, idfactura, idhabitacion, fechainicioalojamiento, fechafinalalojamiento, formadepago, costoalojamiento) values (175, 75, 55, 6, '29/04/2022', '25/02/2022', 'Pago con tarjeta', 80);
insert into estancia (idalojamiento, idhuesped, idfactura, idhabitacion, fechainicioalojamiento, fechafinalalojamiento, formadepago, costoalojamiento) values (176, 41, 75, 27, '13/04/2022', '19/04/2022', 'Pago con tarjeta', 120);
insert into estancia (idalojamiento, idhuesped, idfactura, idhabitacion, fechainicioalojamiento, fechafinalalojamiento, formadepago, costoalojamiento) values (177, 89, 3, 27, '07/02/2022', '02/03/2022', 'Pago con tarjeta', 170);
insert into estancia (idalojamiento, idhuesped, idfactura, idhabitacion, fechainicioalojamiento, fechafinalalojamiento, formadepago, costoalojamiento) values (178, 85, 61, 1, '07/02/2022', '04/05/2022', 'Pago con cheque', 100);
insert into estancia (idalojamiento, idhuesped, idfactura, idhabitacion, fechainicioalojamiento, fechafinalalojamiento, formadepago, costoalojamiento) values (179, 86, 90, 9, '25/04/2022', '08/03/2022', 'Pago con cheque', 50);
insert into estancia (idalojamiento, idhuesped, idfactura, idhabitacion, fechainicioalojamiento, fechafinalalojamiento, formadepago, costoalojamiento) values (180, 76, 48, 2, '06/02/2022', '22/03/2022', 'Pago con cheque', 200);
insert into estancia (idalojamiento, idhuesped, idfactura, idhabitacion, fechainicioalojamiento, fechafinalalojamiento, formadepago, costoalojamiento) values (181, 65, 46, 9, '16/03/2022', '27/03/2022', 'Pago con tarjeta', 180);
insert into estancia (idalojamiento, idhuesped, idfactura, idhabitacion, fechainicioalojamiento, fechafinalalojamiento, formadepago, costoalojamiento) values (182, 8, 72, 30, '27/02/2022', '02/02/2022', 'Pago con cheque', 100);
insert into estancia (idalojamiento, idhuesped, idfactura, idhabitacion, fechainicioalojamiento, fechafinalalojamiento, formadepago, costoalojamiento) values (183, 85, 79, 9, '01/01/2022', '09/05/2022', 'Pago en efectivo', 150);
insert into estancia (idalojamiento, idhuesped, idfactura, idhabitacion, fechainicioalojamiento, fechafinalalojamiento, formadepago, costoalojamiento) values (184, 45, 86, 24, '20/04/2022', '27/03/2022', 'Pago con tarjeta', 90);
insert into estancia (idalojamiento, idhuesped, idfactura, idhabitacion, fechainicioalojamiento, fechafinalalojamiento, formadepago, costoalojamiento) values (185, 77, 20, 5, '28/02/2022', '15/02/2022', 'Pago con cheque', 170);
insert into estancia (idalojamiento, idhuesped, idfactura, idhabitacion, fechainicioalojamiento, fechafinalalojamiento, formadepago, costoalojamiento) values (186, 22, 72, 10, '04/06/2022', '04/03/2022', 'Pago con tarjeta', 40);
insert into estancia (idalojamiento, idhuesped, idfactura, idhabitacion, fechainicioalojamiento, fechafinalalojamiento, formadepago, costoalojamiento) values (187, 53, 52, 15, '13/03/2022', '06/01/2022', 'Pago en efectivo', 20);
insert into estancia (idalojamiento, idhuesped, idfactura, idhabitacion, fechainicioalojamiento, fechafinalalojamiento, formadepago, costoalojamiento) values (188, 11, 50, 16, '14/04/2022', '23/04/2022', 'Pago en efectivo', 130);
insert into estancia (idalojamiento, idhuesped, idfactura, idhabitacion, fechainicioalojamiento, fechafinalalojamiento, formadepago, costoalojamiento) values (189, 86, 65, 23, '04/04/2022', '09/01/2022', 'Pago con cheque', 130);
insert into estancia (idalojamiento, idhuesped, idfactura, idhabitacion, fechainicioalojamiento, fechafinalalojamiento, formadepago, costoalojamiento) values (190, 101, 45, 28, '13/04/2022', '08/04/2022', 'Pago en efectivo', 180);
insert into estancia (idalojamiento, idhuesped, idfactura, idhabitacion, fechainicioalojamiento, fechafinalalojamiento, formadepago, costoalojamiento) values (191, 41, 10, 2, '02/01/2022', '06/06/2022', 'Pago en efectivo', 190);
insert into estancia (idalojamiento, idhuesped, idfactura, idhabitacion, fechainicioalojamiento, fechafinalalojamiento, formadepago, costoalojamiento) values (192, 62, 89, 1, '04/01/2022', '05/04/2022', 'Pago con cheque', 90);
insert into estancia (idalojamiento, idhuesped, idfactura, idhabitacion, fechainicioalojamiento, fechafinalalojamiento, formadepago, costoalojamiento) values (193, 74, 77, 13, '04/03/2022', '02/03/2022', 'Pago en efectivo', 30);
insert into estancia (idalojamiento, idhuesped, idfactura, idhabitacion, fechainicioalojamiento, fechafinalalojamiento, formadepago, costoalojamiento) values (194, 59, 89, 17, '25/02/2022', '22/03/2022', 'Pago en efectivo', 60);
insert into estancia (idalojamiento, idhuesped, idfactura, idhabitacion, fechainicioalojamiento, fechafinalalojamiento, formadepago, costoalojamiento) values (195, 62, 89, 27, '27/05/2022', '13/02/2022', 'Pago con tarjeta', 20);
insert into estancia (idalojamiento, idhuesped, idfactura, idhabitacion, fechainicioalojamiento, fechafinalalojamiento, formadepago, costoalojamiento) values (196, 58, 96, 7, '13/05/2022', '05/04/2022', 'Pago en efectivo', 80);
insert into estancia (idalojamiento, idhuesped, idfactura, idhabitacion, fechainicioalojamiento, fechafinalalojamiento, formadepago, costoalojamiento) values (197, 5, 4, 2, '03/03/2022', '07/04/2022', 'Pago en efectivo', 170);
insert into estancia (idalojamiento, idhuesped, idfactura, idhabitacion, fechainicioalojamiento, fechafinalalojamiento, formadepago, costoalojamiento) values (198, 1, 84, 1, '03/05/2022', '07/04/2022', 'Pago con cheque', 60);
insert into estancia (idalojamiento, idhuesped, idfactura, idhabitacion, fechainicioalojamiento, fechafinalalojamiento, formadepago, costoalojamiento) values (199, 11, 85, 17, '23/03/2022', '30/01/2022', 'Pago con cheque', 40);
insert into estancia (idalojamiento, idhuesped, idfactura, idhabitacion, fechainicioalojamiento, fechafinalalojamiento, formadepago, costoalojamiento) values (200, 64, 16, 1, '03/01/2022', '12/03/2022', 'Pago con cheque', 50);
